_id,productTitles[0],productTitles[1],productTitles[2],productTitles[3],productTitles[4],productTitles[5],productTitles[6],productTitles[7],productTitles[8],productTitles[9],productTitles[10],productTitles[11],productTitles[12],productTitles[13],productTitles[14],productTitles[15],productTitles[16],productTitles[17],productTitles[18],productTitles[19],productTitles[20],productTitles[21],productTitles[22],productTitles[23],productTitles[24],productTitles[25],productTitles[26],productTitles[27],productTitles[28],productTitles[29],productTitles[30],productTitles[31],productTitles[32],productTitles[33],productTitles[34],productTitles[35],productTitles[36],productTitles[37],productTitles[38],productTitles[39],productTitles[40],productTitles[41],productTitles[42],productTitles[43],productTitles[44],productTitles[45],productTitles[46],productTitles[47],productTitles[48],productTitles[49],productTitles[50],productTitles[51],productTitles[52],productTitles[53],productTitles[54],productTitles[55],productTitles[56],productTitles[57],productTitles[58],productTitles[59],productTitles[60],productTitles[61],productTitles[62],productTitles[63],productTitles[64],productTitles[65],productTitles[66],productTitles[67],productTitles[68],productTitles[69],productTitles[70],productTitles[71],productTitles[72],productTitles[73],productTitles[74],productTitles[75],productTitles[76],productTitles[77],productTitles[78],productTitles[79],productTitles[80],productTitles[81],productTitles[82],productTitles[83],productTitles[84],productTitles[85],productTitles[86],productTitles[87],productTitles[88],productTitles[89],productTitles[90],productTitles[91],productTitles[92],productTitles[93],productTitles[94],productTitles[95],productTitles[96],productTitles[97],productTitles[98],productTitles[99],productTitles[100],productTitles[101],productTitles[102],productTitles[103],productTitles[104],productTitles[105],productTitles[106],productTitles[107],productTitles[108],productTitles[109],productTitles[110],productTitles[111],productTitles[112],productTitles[113],productTitles[114],productTitles[115],productTitles[116],productTitles[117],productTitles[118],productTitles[119],productTitles[120],productTitles[121],productTitles[122],totalProducts
Asian Foods,Kido Daifuku Mochi Chocolate | 200g,Kido Daifuku Mochi Melon | 200g,Yenson's Fresh Tofu | 550g,Carwari Red Miso | 500g,Happy Lams Beef Balls | 190g,,,,,,,,,,,,,,,,,,,,,,,,,,,,,,,,,,,,,,,,,,,,,,,,,,,,,,,,,,,,,,,,,,,,,,,,,,,,,,,,,,,,,,,,,,,,,,,,,,,,,,,,,,,,,,,,,,,,,,,5
Blue Cheese,Coles Smooth Blue Cheese | 150g,Castello Intense Blue | 150g,Coles Gorgonzola Dolce | 200g,Coles British Blue Stilton | 150g,Cremeux Blue | 100g,Castello Blue Cheese | 150g,Castello Danish Blue Cheese | 100g,Castello Creamy Blue Cheese | 300g,Tidbit Gorgonzola Dolce Dop | 200g,Castello Danish Blue Extra Creamy | 100g,Coles Danish Blue Cheese | 100g,,,,,,,,,,,,,,,,,,,,,,,,,,,,,,,,,,,,,,,,,,,,,,,,,,,,,,,,,,,,,,,,,,,,,,,,,,,,,,,,,,,,,,,,,,,,,,,,,,,,,,,,,,,,,,,,,11
Cheddar & Tasty Cheese,Mersey Valley Club Pickled Onion Cheddar Cheese | 235g,Tasmanian Heritage Trilogy Roasted Onion & Chive Vintage & Smoked Cheddar | 140g,Kenilworth Roast Garlic & Cracked Pepper Cheddar | 165g,Ashgrove Three Peaks Tassie Trio Cheese | 140g,Tasmanian Heritage Club Cheddar Vintage | 140g,Tasmanian Heritage Little Entertainers Trilogy Summer Herbs Vintage Cheddar & Sundired Tomato | 80g,Coles Spanish Iberico | 150g,Jarlsberg Original Cheese Block | 250g,Mersey Valley Little Entertainer Pickled Onion | 80g,Mersey Valley Club Classic Cheddar Cheese | 235g,Mersey Valley Club Original Cheddar Cheese | 235g,Jarlsberg Original Cheese Block | 500g,Ashgrove Signature Red Leicester | 150g,Coles Monterey Jack Cheese Slices | 200g,Tasmanian Heritage Club Cheddar Smoked | 140g,Ashgrove Tasmanian Vintage Cheddar Wineglass Bay | 140g,Mersey Valley Salt & Vinegar Cheddar | 80g,Snowdonia Black Bomber | 150g,Ashgrove Tasmanian Smoked Cheddar The Hazards | 140g,Mersey Valley Club Dairy Original Vintage Cheddar Cheese | 180g,Mersey Valley Jalapeno Vintage Cheddar | 80g,Kenilworth Sweet Chilli Sour Cream & Bell Peppers Club Cheddar Cheese | 165g,KCF Lime & Cracked Pepper Club Cheddar | 165g,Black Jack Aged Cheddar Spaccato | approx 250g,Coles Finest Spanish Red Wine Cheese | 150g,Mersey Valley Little Entertainer Classic | 80g,Coles Spanish Manchego | 150g,Coles Finest Spanish Truffle Cheese | 140g,Tidbit Spanish Goats Cheese | 150g,Somerdale IL Truffelino Cheddar Cheese With Truffle | 150g,Coles Finest Aged Red Leicester | 200g,Mersey Valley Club Green Peppercorn Cheese | 235g,Mersey Valley Salt & Vinegar Cheddar | 235g,Ashgrove Signature Vintage Eddington Cheddar | 150g,Snowdonia Red Storm | 150g,Coles Finest Vintage British Cheddar | 200g,Mersey Valley Club Vintage Dairy Extra Tasty Cheddar Cheese | 180g,King Island Dairy Stokes Point Smoked Cheddar Cheese | 170g,Mersey Valley Club Ploughman's Cheddar Cheese  | 235g,King Island Dairy Surprise Bay Cheddar Cheese Block | approx200g,Delre Dutch Smoked Cheese | approx 250g,Tasmanian Heritage Trilogy Summer Herbs Vintage Cheddar & Sundried Tomato | 140g,Ashgrove Signature Smoked Red Leicester | 150g,,,,,,,,,,,,,,,,,,,,,,,,,,,,,,,,,,,,,,,,,,,,,,,,,,,,,,,,,,,,,,,,,,,,,,,,,,,,,,,,,43
Cheese Snacks,Real Tasty Cheese Hungarian Salami & Rice Crackers 3 Pack | 150g,Coles Cheese Bites Chorizo & Mini Preztels | 50g,Coles Kids Cheese Triangles | 140g,Real Dairy Tasty Cheese & Crackers 10 Pack | 300g,Primo Trios Cheesy Kabana Pretzels & Tasty Cheese Cubes | 53g,Liddells Cream Cheese | 250g,Babybel Mini Cheese Original Protein 5 Pack | 100g,Primo Cabanossi Jatz & Tasty Cheese | 50g,Primo Cheese Kabana Cheese & Bacon Shapes & Tasty Cheese | 50g,Coles Tasty Cheese Slices Hungarian Salami & Watercrackers | 50g,Primo Trios Mild Salami Pretzels & Tasty Cheese Cubes | 50g,Bio Cheese Creamy Original Spreadable | 150g,Primo Lunch Plate Leg Ham & Tomato Chutney | 110g,The Laughing Cow Cheese Lactose Free | 120g,Real Mexican Feast Tasty Cheese Corn Chips Guacamole | 85g,Real Tasty Cheese Mild Salami & Crackers 3 Pack | 150g,Primo Mini Mix Ups Salami Cheese & Choc Chip Cookie | 35g,Primo Duos Mild Twiggy Bites And Cheese | 50g,Coles Tasty Cheese Slices Salami & Poppyseed Lavosh Crackers | 48g,Babybel Mini Cheese Swiss Style | 100g,Real Feast Pack Tasty Cheese Mild Salami & Crackers | 80g,Primo Stackers Salami 3 Pack | 150g,Primo Cheesy Kabana Cheddar Shapes & Tasy Cheese | 53g,,,,,,,,,,,,,,,,,,,,,,,,,,,,,,,,,,,,,,,,,,,,,,,,,,,,,,,,,,,,,,,,,,,,,,,,,,,,,,,,,,,,,,,,,,,,,,,,,,,,,23
Chilled Garlic & Specialty Breads,Coles Kitchen Garlic Baguette Twin Pack | 450g,La Famiglia Bread Slices Garlic 9 Pack | 270g,La Famiglia Garlic Bread | 400g,Coles Simply Garlic Bread Twin Pack | 450g,La Famiglia  Garlic Bread | 170g,Coles Simply Garlic Bread Slices | 270g,Coles Kitchen Cheese & Garlic Baguette | 250g,Supreme Quality Foods Roti Mini | 125g,Coles Finest Stone Baked Garlic Ciabatta | 200g,La Famiglia Pane Di Casa Just For 2 | 190g,Senza Gluten & Dairy Free Garlic Bread | 250g,La Famiglia Stone Baked Garlic Ciabatta | 330g,Coles Kitchen Tear And Share Cheesy Garlic Bread | 350g,La Famiglia Stone Baked Sourdough Garlic Bread | 480g,La Famiglia Just For 2 Cheesy Garlic Bread | 190g,La Famiglia Cheesy Garlic Bread | 460g,,,,,,,,,,,,,,,,,,,,,,,,,,,,,,,,,,,,,,,,,,,,,,,,,,,,,,,,,,,,,,,,,,,,,,,,,,,,,,,,,,,,,,,,,,,,,,,,,,,,,,,,,,,,16
Chilled Pastry & Dough,Aunty Kath's Chocolate Chip Cookie Dough | 450g,Supreme Wonton Wrappers | 250g,Gerry Pittes Souvlaki Pizza Pita Bread | 450g,Antoniou Filo Pastry Chilled | 375g,Aunty Kath's Cookie Dough M&M | 450g,Aunty Kath's Limited Edition Cookie Dough | 450g,Mingle Satay Recipe Base | 30g,,,,,,,,,,,,,,,,,,,,,,,,,,,,,,,,,,,,,,,,,,,,,,,,,,,,,,,,,,,,,,,,,,,,,,,,,,,,,,,,,,,,,,,,,,,,,,,,,,,,,,,,,,,,,,,,,,,,,7
Cream,Latina Fresh Veal Tortellini Pasta | 375g,Latina Fresh Beef Ravioli Pasta | 625g,Latina Fresh Lasagne Sheets 8 Pack | 375g,Latina Fresh Beef Ravioli Pasta | 375g,Fantastic Singapore Noodles | 350g,Rana Filled Pasta Pumpkin & Cheese Tortellini | 565g,Coles Ricotta Spinach Agnolotti Pasta | 600g,Rana Panfry Filled Gnocchi Cheese | 280g,Latina Fresh Ricotta & Spinach Agnolotti Pasta | 625g,Rana Four Cheese Ravioli | 325g,Rana Porcini Mushroom Ravioli | 325g,Coles Perform Pasta Veg | 360g,Coles Kitchen Filled Pasta Tortellini Mixed Veg | 630g,Coles Finest Filled Gnocchi Genovese Pesto | 350g,Latina Fresh Gluten Free Beef Ravioli Pasta | 280g,Coles Kitchen Filled Pasta Ravioli Beef Tomato | 630g,Grand Italian Potato Gnocchi | 500g,Coles Beef Ravioli Pasta | 600g,Coles Kitchen Potato Gnocchi | 500g,Coles Pappardelle | 300g,Coles Kitchen Filled Pasta Agnolotti Spinach Ricotta | 630g,Latina Fresh Veal Tortellini Pasta | 625g,Coles Finest Filled Gnocchi Mozz Parmi Reggi & Ricotta | 350g,Fantastic Hokkien Noodles | 450g,Latina Fresh Kids Mini Ravioli Pasta Beef & Vegetable | 200g,Chang's Super Lo-Cal Traditional Noodles | 390g,Coles Kitchen Pumpkin Gnocchi | 500g,Coles Ham & Cheese Tortellini | 600g,Coles Pasta Tortellini Veal | 600g,Rana Spinach & Ricotta Tortellini | 565g,Coles Finest Filled Pasta Pumpkin | 350g,Rana Pumpkin & Caramelised Onion Ravioli | 325g,Coles Finest Angus Beef Ragu Ravioli | 350g,Rana Panfry Filled Gnocchi Spinach Mozzarella | 280g,Latina Fresh Roast Chicken & Garlic Ravioli Pasta | 625g,Coles Plain Fettucine | 300g,Latina Fresh Egg Fettuccine Pasta | 375g,Latina Cheddar Cheese Agnolotti | 375g,Rana Filled Tortellini Basil And Pine Nuts | 325g,Latina Lasagne Ravioli | 625g,25 Degrees South Baby Spinach and Fetta Ravioli Pasta | 325g,Rana Spinach & Ricotta Tortellini | 325g,Latina Fresh Spinach & Ricotta Agnolotti Pasta | 375g,Latina Agnolotti Sweet Potato & Parmesan Filled Pasta | 625g,Coles Chicken Tortellini | 600g,Latina Fresh Kids Mini Ravioli Pasta Cheese & Vegetable | 200g,Coles Lasagne Sheets Pasta | 375g,Coles Kitchen Filled Pasta Tortellini Veal Bacon | 630g,,,,,,,,,,,,,,,,,,,,,,,,,,,,,,,,,,,,,,,,,,,,,,,,,,,,,,,,,,,,,,,,,,,,,,,,,,,,48
Cream Cheese & Spreads,Bega Cream Cheese Spreadable Tub | 225g,Philadelphia Original Cream Cheese Spread | 350g,Philadelphia Light Cream For Cooking | 240mL,Liddells Cream Cheese | 250g,Philadelphia Light Cream Cheese Tub | 250g,Philadelphia Portions Cream Cheese Original Spread | 150g,Coles Spreadable Light Cream Cheese Tub | 250g,Philadelphia Portions Cream Cheese Light Spread | 150g,Kiri Cheese Cream | 108g,Philadelphia Soft Cream Cheese Tub | 250g,Bega Cream Cheese Block | 225g,Philadelphia Regular Cream Cheese Block | 250g,Philadelphia Light Cream Cheese Block | 250g,Coles Cream Cheese Spread Original | 250g,Coles Regular Cream Cheese Block | 250g,Philadelphia Sweet Chilli Pourover | 150g,Philadelphia Dairy Cream Cheese Original Block 2 Pack | 500g,,,,,,,,,,,,,,,,,,,,,,,,,,,,,,,,,,,,,,,,,,,,,,,,,,,,,,,,,,,,,,,,,,,,,,,,,,,,,,,,,,,,,,,,,,,,,,,,,,,,,,,,,,,17
Custard,Pauls Vanilla Custard | 600g,Pauls Vanilla Custard 6x150g | 6 pack,Pauls Rich Chocolate Double Thick Custard | 900g,Pauls Vanilla Custard | 1kg,Pauls Strawberry Custard | 70g,Dairy Farmers Thick Vanilla Custard Carton | 1kg,Pauls French Vanilla Double Thick Custard | 900g,Pauls Gluten Free Low Fat Vanilla Custard | 600g,Pauls Farmhouse Gold Vanilla Custard | 800g,Coles Vanilla Flavour Custard | 600g,Pauls Chocolate Custard Pouch | 140g,Pauls Custard Golden Gaytime Toffee | 600g,Yogo Custard Pouch Chocolate | 120g,Pauls Zymil Vanilla Custard | 1kg,Pauls Vanilla Custard Pouch | 140g,,,,,,,,,,,,,,,,,,,,,,,,,,,,,,,,,,,,,,,,,,,,,,,,,,,,,,,,,,,,,,,,,,,,,,,,,,,,,,,,,,,,,,,,,,,,,,,,,,,,,,,,,,,,,15
Dairy Desserts,Aunt Betty's Creamy Rice Vanilla 100g | 4 pack,Wicked Sister High Protein Mango Pudding | 170g,Aeroplane Ready To Eat Raspberry Jelly | 120g,Fancy Plants High Protein Pud Chocolate | 160g,Fancy Plants High Protein Pud Salted Caramel | 160g,Wicked Sister Strawberry Panna Cotta 2X150G | 300g,Wicked Sister Chocolate Cookie Sundae | 110g,Pauls Soleil Low Fat Chocolate Mousse 2 pack | 124g,Wicked Sister Vanilla Bean Creme Caramel 2X150Gram | 300g,Aeroplane Ready To Eat Strawberry Jelly | 120g,Divine Classic Cr√®me Caramel Dessert 2 pack | 150g,Pauls Kids Chocolate Mousse 12 Pack | 600g,Nestle Chocolate Mousse 2 pack | 124g,Aeroplane Ready To Eat Pineapple Jelly | 120g,Anchor Lion Tapioca Pearls | 375g,The Sweetporium Co. Double Chocolate Dessert 2 Pack | 140g,Cadbury Dairy Milk Mousse 2x80g | 160g,Wicked Sister Lemon Tiramisu | 100g,Island Berries Tasmania Panna Cotta With Mango Passionfruit Coulis | 145g,Island Berries Tasmania Panna Cotta With Raspberry Coulis | 145g,Saunders Malt Extract | 1kg,Wicked Sister High Protein Strawberry Pudding | 170g,Island Berries Tasmania Panna Cotta Salted Caramel Sauce | 145g,Wicked Sister High Protein Chocolate Pudding | 170g,Wicked Sister High Protein Banana Pudding | 170g,Wicked Sister Chocolate Mousse | 90g,Cadbury Dairy Milk Caramello Chocolate Mousse 2x80g | 160g,Wicked Sister Tiramisu | 90g,Kenilworth Dairies Rich Chocolate Mousse | 170g,Wicked Sister Raspberry Tiramisu | 100g,Coles Creamy Vanilla Dessert 2 Pack | 300g,The Sweetporium Co. Raspberry Cheesecake 2 Pack | 180g,Coles Creamy Choc Dessert 2 Pack | 300g,Yoplait Le Rice Classic Vanilla Dessert 2x150g | 2 pack,Fancy Plants Vanilla Rice Pud 2x110g | 220g,Wicked Sister Vanilla Bean Rice Pudding 2x170g | 340g,Aeroplane Ready To Eat Blackcurrant Jelly | 120g,Yogoletti Luxury Yogurt Dessert Creamy Vanilla 2x150g | 300g,Fancy Plants Chocolate Silky Pot 2x95g | 190g,,,,,,,,,,,,,,,,,,,,,,,,,,,,,,,,,,,,,,,,,,,,,,,,,,,,,,,,,,,,,,,,,,,,,,,,,,,,,,,,,,,,,39
Dips & Pate,Red Rock Deli Dip Roasted Pumpkin Onion & Cashew | 135g,Yumis Choice Dip Coriander Chilli Cashews & Lime | 150g,Obela Dip Hommus Garnished Basil Pesto | 220g,Black Swan Dip Batched Brie Almond & Fig | 150g,Maggie Beer Quince & Champagne Paste | 100g,Yumi's Chilli Lime Aioli | 200g,Yumi's Mayo Aioli Pesto | 200g,Yumi's Choice Guacamole With Jalapeno And Spring Onion Dip | 150g,Black Swan Crafted Sweet Chilli Jam Dip | 170g,Yumi's Choice Dip Rocket & Basil Pesto With Roasted Almonds | 150g,Black Swan Dip Batched Caramelised Onion Relish | 150g,Chris' Heritage Blue Cheese Fig & Pistachio Savoury Dip | 170g,Black Swan Dip Batched Hommus Chilli & Macadamia | 150g,Chris' Deli Dip Avocado Feta & Jalapeno | 170g,Black Swan Dip Chunky Eggplant Fetta & Almond | 150g,Black Swan Dip Chunky Spicy Chargrilled Capsicum & Cashew | 150g,Black Swan Dip Chunky Sweet Potato & Cashews | 150g,Black Swan Dip Batched Fetta Mint & Honey | 150g,Black Swan Taste Of The World Mexico | 170g,Dari's Table Pine Nut Hummus Dip | 200g,Castello Spanish Quince Paste | 125g,Red Rock Deli Dip Singles Caramelised French Onion 3X50G | 150g,Black Swan Crafted Dip Olive Fetta & Chilli | 170g,Chris' Deli Dip Sundried Tomato Cashew & Feta | 170g,Chris' Heritage Smoked Gouda & Jalapeno | 170g,Yumi's Mayo Dill Aioli | 200g,,,,,,,,,,,,,,,,,,,,,,,,,,,,,,,,,,,,,,,,,,,,,,,,,,,,,,,,,,,,,,,,,,,,,,,,,,,,,,,,,,,,,,,,,,,,,,,,,,26
Egg Whites,Puregg Egg White Free Range | 500g,,,,,,,,,,,,,,,,,,,,,,,,,,,,,,,,,,,,,,,,,,,,,,,,,,,,,,,,,,,,,,,,,,,,,,,,,,,,,,,,,,,,,,,,,,,,,,,,,,,,,,,,,,,,,,,,,,,,,,,,,,,1
Falafels,Wildly Good Fritter Bites Cauliflower | 210g,Natures Kitchen Mediteranean Bites | 200g,Yumi's Thai Spiced Fritters 6 Pack | 260g,Natures Kitchen Curry Bites | 200g,Yumi's Sesame Falafel Balls | 225g,Yumi's Gluten Free Curried Pumpkin & Spinach Veggie Bites | 225g,Wildly Good Sweet Corn Spring Onion Fritter Bites | 210g,Yumi's Sweet Corn Fritters 6 Pack | 260g,Yumi's Classic Falafel Balls | 225g,Yumis Green Falafel | 200g,Yumi's Gluten Free Zucchini & Lentil Veggie Bites | 225g,Natures Kitchen Falafel | 225g,,,,,,,,,,,,,,,,,,,,,,,,,,,,,,,,,,,,,,,,,,,,,,,,,,,,,,,,,,,,,,,,,,,,,,,,,,,,,,,,,,,,,,,,,,,,,,,,,,,,,,,,,,,,,,,,12
Feta Cheese,Bega Bar-B-Cubes Tasty Cheese | 500g,Coles TASTY CHEESE BITES & SOY CRISPS | 45g,Primo Cabanossi Jatz & Tasty Cheese | 50g,Philadelphia Lactose Free Block | 250g,Primo Mini Mix Ups Chicken Cheese & Choc Chip Cookies | 35g,Bega Dairy Stringers Original Cheese 12 Pack | 240g,Coles Tasty Cheese & Crackers 4 Pack | 120g,Babybel Mini Cheese Original | 100g,Primo Cabanossi Barbeque Shapes & Tasty Cheese | 50g,Mainland Munchables Cheese & Rice Crackers 4 Pack | 96g,Arnott's Shapes Original Chicken Crimpy & Tasty Cheese | 32g,Mainland On The Go Extra Tasty Cheese & Date Apricot Crackers | 38g,Arnotts Jatz & Extra Tasty Cheese | 33g,Primo Duos Cabanossi And Cheese | 50g,Primo Stacker Mild Salami Cheese & Crackers | 50g,Primo Stackers Spicy Chorizo Cheese & Crackers | 50g,Coles Cheesey Peelers 8x20g | 160g,Arnotts Jatz & Tasty Cheese | 33g,Primo Stacker Danish Salami Cheese & Crackers | 45g,Coles Vintage Cheese & Crackers | 50g,Mainland Munchables Tasty Cheese & Crackers 4 pack | 120g,Primo Stackers Mild Pepperoni & Jatz | 57g,Mainland Cheese On The Go Lunch Fig Jam | 110g,Primo Cheesy Kabana Cheddar Shapes & Tasy Cheese | 53g,The Laughing Cow Light Less Fat Cheese Spread | 128g,The Laughing Cow Cheese Spread | 128g,Mainland On The Go Cheese & Balsamic Beetroot Lunch Pack | 110g,Mainland On The Go Tasty Cheese & Cranberry Sunflower Crackers | 38g,Mainland Tasty Cheddar & Rosemary & Rock Salt Lavosh Crackers | 36g,Mainland Cheese On The Go Lunch Caramelised Onion | 110g,Coles Vintage Cheese & Crackers 4 Pack | 120g,Mainland On The Go Cheese Lavosh & Caramelised Onion | 36g,Primo Stacker Leg Ham Cheese & Crackers | 50g,The Laughing Cow Cheese | 256g,Mainland On The Go Tasty Cheese & Crackers 4 Pack | 120g,Primo Mild Pepperoni Twiggy Pizza Shapes & Tasty Cheese | 54g,Primo Mini Mix Ups Ham Cheese & Choc Chip Cookie | 35g,Primo Stacker Chicken Cheese & Rice Crackers | 45g,Bega Cheese Stringers Lactose Free 8 Pack | 160g,Bega Stringers Original Cheese 8 pack | 160g,Coles Tasty Cheese & Crackers | 50g,Babybel Mini Cheese Regular | 200g,Coles Tasty Cheese Bites & Mini Preztels | 40g,Mainland Creamy Cheese Sharp Cheddar | 40g,Mainland Creamy Caramelised Onion | 40g,Arnotts Shapes Original Cheese & Bacon With Tasty Cheese | 30g,Primo Duos Mild Twiggy Bites And Cheese | 50g,Bel Dairy Cheese Dippers 4 Pack | 140g,Arnott's Clix Crackers & Tasty Cheese | 31g,Coles Light Cheese & Crackers | 50g,The Organic Milk Co Organic Cheddar Cubes | 250g,Babybel Mini Cheese Swiss Style | 100g,Primo Mini Mix Ups Salami Cheese & Choc Chip Cookie | 35g,Primo Cheesy Kabana Cheddar Shapes & Tasy Cheese | 53g,Primo Duos Mild Twiggy Bites And Cheese | 50g,Coles Cheese Bites Chorizo & Mini Preztels | 50g,Coles Kids Cheese Triangles | 140g,Primo Trios Cheesy Kabana Pretzels & Tasty Cheese Cubes | 53g,Coles Tasty Cheese Slices Salami & Poppyseed Lavosh Crackers | 48g,Coles Tasty Cheese Slices Hungarian Salami & Watercrackers | 50g,Liddells Cream Cheese | 250g,Real Tasty Cheese Mild Salami & Crackers 3 Pack | 150g,Bio Cheese Creamy Original Spreadable | 150g,Primo Trios Mild Salami Pretzels & Tasty Cheese Cubes | 50g,The Laughing Cow Cheese Lactose Free | 120g,Primo Cabanossi Jatz & Tasty Cheese | 50g,Primo Cheese Kabana Cheese & Bacon Shapes & Tasty Cheese | 50g,Real Dairy Tasty Cheese & Crackers 10 Pack | 300g,Primo Lunch Plate Leg Ham & Tomato Chutney | 110g,Real Mexican Feast Tasty Cheese Corn Chips Guacamole | 85g,Real Tasty Cheese Hungarian Salami & Rice Crackers 3 Pack | 150g,Babybel Mini Cheese Original Protein 5 Pack | 100g,Primo Stackers Salami 3 Pack | 150g,Real Feast Pack Tasty Cheese Mild Salami & Crackers | 80g,,,,,,,,,,,,,,,,,,,,,,,,,,,,,,,,,,,,,,,,,,,,,,,,,,74
Firm Cheese,Coles Dutch Maasdam | 260g,Tasmanian Heritage Cheese Wedge Edam | 180g,Tasmanian Heritage Little Entertainers Havarti | 80g,Jarlsberg Cheese Wedge | 230g,Tasmanian Heritage Cheese Wedge Havarti | 180g,Coles Dutch Edam | 230g,Coles Dutch Gouda | 265g,Castello Creamy Havarti | 200g,Ashgrove Natural Wood Cold Smoked Havarti Cheese Block | 140g,Castello Aged Havarti | 200g,Tasmanian Heritage Cheese Wedge Gouda | 180g,Mifroma Le Gruyere Aop | 150g,,,,,,,,,,,,,,,,,,,,,,,,,,,,,,,,,,,,,,,,,,,,,,,,,,,,,,,,,,,,,,,,,,,,,,,,,,,,,,,,,,,,,,,,,,,,,,,,,,,,,,,,,,,,,,,,12
Free Range Eggs,Sunny Queen Free Range Large Eggs 18 pack | 900g,Josh's Rainbow Free Range Eggs 18 Pack | 900g,Moorabool Valley Free Range Eggs 12 Pack | 700g,Yarra Valley Free Range Eggs 12 Pack | 700g,Josh's Rainbow Free Range Eggs Regular 6 Pack | 350g,Pace Farm Natural Living Free Range Large Eggs 12 pack | 600g,Coles Jumbo Free Range Eggs 12 Pack | 800g,Lucky Chicken Free Range Eggs 12 pack | 600g,Sunny Queen Free Range Extra Large Eggs 12 pack | 700g,Sunny Queen Free Range Large Eggs 12 pack | 600g,Mornington Peninsula Free Range Eggs 12 Pack | 800g,Surf Coast Cracking Good Ultimate Free Range Eggs 12 Pack | 800g,Pace Farm Natural Living Eggs Free Range 12 pack | 800g,Sunny Queen Free Range X-large Eggs 30 Pack | 1.75kg,Pace Farm Free Range Natural Living Extra Large Eggs 12 pack | 700g,Mornington Peninsula Free Range 12 Pack | 700g,Coles Free Range Eggs 12 Pack | 700g,Sunny Queen Free Range Big Brekkie Browns Eggs 12 pack | 820g,Coles Free Range Eggs 12 Pack | 600g,Josh's Rainbow Free Range Eggs 12Pack | 800g,Sunny Queen Free Range X Large Eggs 6 pack | 350g,Josh's Rainbow Free Range Eggs 12 Pack | 700g,Mornington Peninsula Free Range 6 Pack | 330g,Fyfe Family Farm Free Range Eggs 12 Pack | 700g,Mornington Peninsula Free Range Eggs 12 Pack | 600g,Lucky Chicken Free Range Eggs 12 pack | 700g,,,,,,,,,,,,,,,,,,,,,,,,,,,,,,,,,,,,,,,,,,,,,,,,,,,,,,,,,,,,,,,,,,,,,,,,,,,,,,,,,,,,,,,,,,,,,,,,,,26
Fresh Pasta & Noodles,Rana Lasagne Sheets | 250g,Latina Fresh Gluten Free Lasagne Sheets | 280g,Coles Nature's Kitchen Lentil Bolognese Ravioli | 350g,25 Degrees South Native Pumpkin Ricotta Ravioli Pasta | 325g,Coles Natures Kitchen Mushroom Agnolotti | 350g,Latina Gluten Free Tagliatelle | 280g,Coles Hokkien Noodles | 600g,Rana Burrata & Arrabbiata Ravioli | 300g,Coles Perform Pasta Chicken | 360g,25 Degrees South Victorian Three Cheese Ravioli Pasta | 325g,25 Degrees South Prosciutto & Ricotta Ravioli | 325g,Latina Fresh Gluten Free Ricotta & Spinach Agnolotti Pasta | 280g,Rana Pecorino Pdo & Pepper Tortellini | 300g,Coles Kitchen Singapore Egg Noodles | 300g,,,,,,,,,,,,,,,,,,,,,,,,,,,,,,,,,,,,,,,,,,,,,,,,,,,,,,,,,,,,,,,,,,,,,,,,,,,,,,,,,,,,,,,,,,,,,,,,,,,,,,,,,,,,,,14
Full Cream Milk,Coles Full Cream Milk | 2L,Hunt & Brew Extra Creamy Milk | 1L,Hunt & Brew Creamy Milk | 1L,Pura Full Cream Milk | 2L,Great Ocean Road Fresh Full Cream Milk | 2L,Coles Dairy Full Cream Milk | 1L,Green Pastures Full Cream Milk | 2L,Great Ocean Road Fresh Full Cream Milk | 1L,Devondale Full Cream Milk | 3L,Coles Full Cream Milk | 600mL,Pura Full Cream Milk | 1L,Great Ocean Road Full Cream Milk | 3L,Pura Milk Full Cream | 3L,Pauls Farmhouse Gold Full Cream Milk | 1.5L,Pauls Farmhouse Gold Cream On Top Milk | 1.5L,The Complete Dairy High Protein Full Cream Milk | 1L,Farmhouse Gold Full Cream Milk  | 750mL,Devondale Full Cream Milk | 2L,Coles Full Cream Milk | 3L,Primo Hot Hungarian Salami | 80g,Primo Roast Beef Thinly Sliced | 80g,Don Dairy Strasburg Knob | 500g,Thomson's Deli Sliced Chicken Quad Pack | 320g,Primo Roast Pork Thinly Sliced | 80g,Provedore Free Range Chorizo | 200g,Primo Prosciutto | 100g,Primo Silverside | 80g,Provedore Salami Tasting Plate | 100g,Coles Mild Salami | 200g,Coles Spicy Chorizo Salami Knob | 200g,Primo English Sliced Ham | 100g,Don Double Smoked Leg Ham | 200g,Primo Chicken Breast Thinly Sliced | 80g,Don Crafted Cuts Sopressa Salami Slices | 80g,Don Mild Hungarian Salami | 160g,Don Crafted Cuts Hardwood Double Smoked Leg Ham | 100g,Gotzinger Smallgoods Cheese Kransky Chipolata | 400g,Primo Original Twiggy Sticks | 200g,Primo Gluten Free Thinly Sliced Double Smoked Leg Ham | 100g,Provedore Prosciutto | 100g,Don Italian Style Shaved Salami | 160g,Primo Sliced Turkey Breast | 80g,Don English Style Sliced Ham | 200g,Primo Cafe Classics Sliced Chicken Schnitzel | 150g,Thomson's Deli Honey Ham Sliced Quad Pack | 400g,Primo Gluten Free Thinly Sliced Pastrami Beef | 80g,Don Leg Shaved Ham | 200g,Don Honey Leg Ham | 200g,Thomson's Deli Shredded Chicken Value Pack | 500g,Primo Shredded Ham Twin Pack | 300g,Primo Classic Chorizo 2 Pack | 250g,Don Traditional Kabana | 200g,Primo 25% Salt Reduced Leg Ham | 100g,Thomson'S Deli English Style Ham Quad Pack | 400g,Primo Mild Hungarian Salami | 80g,Primo Manuka Honey Leg Ham | 100g,Tibaldi Ham Off The Bone | 120g,Primo Danish Salami | 80g,Primo Pepperoni Hot Salami | 80g,Provedore Mild Chorizo Salami | 100g,Coles English Sliced Ham | 100g,Coles Honey Sliced Ham Sow Stall Free | 100g,Coles Shredded Roast Chicken Breast | 150g,Primo Gluten Free Cheese Kransky | 250g,Primo Champagne Leg Ham | 100g,Thomson's Deli Mild Hungarian Salami | 320g,Primo Gluten Free Classic Kransky | 250g,,,,,,,,,,,,,,,,,,,,,,,,,,,,,,,,,,,,,,,,,,,,,,,,,,,,,,,,,67
Gourmet Cheese,Caldermeade Farm Goats Cheese 4 Peppercorn Mix | 270g,Ashgrove Tasmanian Smoked Cheddar The Hazards | 140g,Coles Gorgonzola Dolce | 200g,Aphrodite Barrel Aged Feta Portion | 170g,Ashgrove Signature Red Leicester | 150g,Snowdonia Black Bomber | 150g,Ashgrove Natural Wood Cold Smoked Havarti Cheese Block | 140g,Coles Spanish Iberico | 150g,Tidbit Spanish Goats Cheese | 150g,Moondarra Cheese Herb & Capsicum | 120g,Aphrodite Kefalotyri | 170g,Coles Dutch Maasdam | 260g,Coles Finest Spanish Red Wine Cheese | 150g,Tidbit Gorgonzola Dolce Dop | 200g,Snowdonia Red Storm | 150g,Ashgrove Signature Smoked Red Leicester | 150g,Kebia Bulgarian Sheep's Cheese | 400g,Kroon Goats Cheese Wedge | 200g,Coles Danish Blue Cheese | 100g,South Cape Spring Onion & Chive Cream Cheese | 200g,Ashgrove Signature Vintage Eddington Cheddar | 150g,Coles Finest Pate | 150g,Jarlsberg Cheese Wedge | 230g,Castello Double Cream Brie Chilli | 150g,Black Jack Aged Cheddar Spaccato | approx 250g,South Cape Dairy Fetta Crumbed Cheese | 200g,Ashgrove Tasmanian Vintage Cheddar Wineglass Bay | 140g,Coles Finest Spanish Truffle Cheese | 140g,Castello Intense Blue | 150g,Tasmanian Heritage Cheese Marinated Fetta | 350g,Yarra Valley Cheese Salted Honey Cow | 80g,Cremeux Truffle Brie | 180g,South Cape Brie | 200g,Yarra Valley Cheese Fresh Goats Cheese | 80g,Mersey Valley Salt & Vinegar Cheddar | 80g,Castello Danish Blue Extra Creamy | 100g,Lemnos Roasted Garlic And Rosemary Haloumi | 180g,Caldermeade Farm Goats Cheese Block | 180g,Riverina Haloumi Basil | 180g,Unicorn Classic Brie Chilli | 125g,Mersey Valley Club Ploughman's Cheddar Cheese  | 235g,Unicorn Selections Truffle Brie | 125g,Castello Creamy Havarti | 200g,Emborg French Double Cream Le Fromager | 300g,Yarra Valley Cheese Persian Fetta Dill & Chive | 350g,Tasmanian Heritage Club Cheddar Vintage | 140g,Coles British Blue Stilton | 150g,Lemnos Haloumi Slices | 200g,Mersey Valley Club Pickled Onion Cheddar Cheese | 235g,Jarlsberg Original Cheese Block | 500g,Tasmanian Heritage Club Cheddar Smoked | 140g,Unicorn Selections Ash Brie | 125g,South Cape Reduced Fat Greek Style Fetta | 200g,Dodoni Saganaki | 200g,King Island Dairy Surprise Bay Cheddar Cheese Block | approx200g,Tasmanian Heritage Trilogy Summer Herbs Vintage Cheddar & Sundried Tomato | 140g,Castello Aged Havarti | 200g,Ashgrove Three Peaks Tassie Trio Cheese | 140g,Mersey Valley Salt & Vinegar Cheddar | 235g,Mersey Valley Club Green Peppercorn Cheese | 235g,Cremeux Blue | 100g,Mifroma Le Gruyere Aop | 150g,Riverina Fetta Basil Pesto | 200g,King Island Dairy Stokes Point Smoked Cheddar Cheese | 170g,South Cape Camembert | 200g,Moondarra Marinated Cheese | 430g,Tasmanian Heritage Little Entertainers Trilogy Summer Herbs Vintage Cheddar & Sundired Tomato | 80g,Coles Dutch Edam | 230g,Emborg French Camembert Petit | 125g,Lemnos Haloumi | 600g,,,,,,,,,,,,,,,,,,,,,,,,,,,,,,,,,,,,,,,,,,,,,,,,,,,,,,70
Grated Cheese,Dirossi 400 Gradi Selection Mozzarella | 150g,Coles Grated Parmesan Cheese | 100g,Perfect Italiano Dairy Cheese Grated Mozzarella:Mozzarella | 450g,Perfect Italiano Shredded Mozzarella | 250g,Mil Lel Shaved Parmesan | 170g,Perfect Italiano Grated Cheese Perfect Melt | 250g,Kraft Grated Parmesan Cheese Cannister | 250g,Coles Parmesan Cheese | 125g,Coles Cheese Shredded Tasty Light | 700g,Coles Cheese Shredded Mozzarella | 250g,Liddells Lactose Free Shredded Cheese | 250g,Perfect Italiano Cheese Shaved Parmesan | 125g,Coles Dairy Shredded Tasty Cheese | 250g,Bega Tasty Cheese Grated | 250g,Bio Original Cheese Block | 200g,Coles Dairy Shredded Parmesan Cheese | 250g,Perfect Italiano Cheese Grated Parmesan | 125g,Perfect Italiano Mexican Blend Grated Cheese | 250g,Perfect Italiano Grated Cheese Perfect Pizza | 250g,Liddells Lactose Free Shredded Pizza Blend | 225g,Coles Cheese Shredded Tasty | 700g,Perfect Italiano Perfect Pizza Grated Cheese | 450g,The Organic Milk Co Organic Mozzarella Shred | 250g,Mutti Pasta Sauce Rossoro Tomatoes & Genovese Basil | 400g,Coles Australian Light Shredded Mozzarella | 250g,Perfect Italiano Grated Cheese Perfect Bakes | 250g,Coles Cheese Shredded Mexican Blend | 250g,Perfect Italiano Perfect Bakes | 450g,Coles Pizza Blend Shredded Cheese | 700g,The Organic Milk Co Organic Melt N Bake | 250g,Kraft Grated Parmesan Cheese Cannister | 125g,Coles Mozzarella Shredded Cheese | 700g,Perfect Italiano 4 Cheese Melt | 450g,Coles Australian Shredded Pizza | 250g,Bega Lactose Free Grated Cheese | 250g,Bega Cheese Strong & Bitey Vintage Grated | 250g,Cheer Cheese Block Mozzarella | 400g,The Organic Milk Co. Organic Shredded Cheddar | 250g,Devondale 3 Shredded Cheese Blend | 750g,Dirossi 400 Gradi Selection Pizza Cheese | 150g,Perfect Italiano Mexican Cheese Blend Grated | 450g,Mil Lel Shredded Parmesan | 170g,Zanetti Grana Padano Grated PDO | 100g,Coles Cheese Shredded 4 Cheese Blend | 250g,Devondale Tasty Shredded Cheese | 750g,Perfect Italiano Cheese Extra Sharp Grated Parmesan | 125g,Bega Dairy Tasty Grated Cheese | 500g,Mil Lel Extra Sharp Parmesan | 170g,,,,,,,,,,,,,,,,,,,,,,,,,,,,,,,,,,,,,,,,,,,,,,,,,,,,,,,,,,,,,,,,,,,,,,,,,,,,48
Haloumi & Bocconcini,Lemnos Haloumi Slices | 200g,Lemnos Roasted Garlic And Rosemary Haloumi | 180g,La Casa Del Formaggio Fresh Mozzarella | 200g,Dodoni Halloumi | 225g,La Casa Del Formaggio Bocconcini Bambini Cheese | 220g,La Casa Del Formaggio Original Bocconcini Cheese | 220g,Lemnos Foods Dairy Cheese Paneer | 200g,Riverina Haloumi | 180g,La Casa Del Formaggio Burrata | 150g,Coles Cherry Bocconcini | 220g,Lemnos Dairy Organic Haloumi Cheese | 180g,Coles Traditional Bocconcini | 210g,Lemnos Haloumi | 600g,Riverina Haloumi | 900g,Lemnos Reduced Salt Haloumi | 180g,Coles Cypriot Halloumi With Mint | 250g,Riverina Haloumi Basil | 180g,Lemnos Foods Dairy Cyprus Style Cheese Haloumi | 180g,La Casa Del Formaggio Cherry Bocconcini Cheese | 220g,Lemnos Twin Packs Haloumi | 200g,,,,,,,,,,,,,,,,,,,,,,,,,,,,,,,,,,,,,,,,,,,,,,,,,,,,,,,,,,,,,,,,,,,,,,,,,,,,,,,,,,,,,,,,,,,,,,,,,,,,,,,,20
Italian Meals & Pasta,Latina Vegetable Harvest Pasta Sauce | 425g,Ipastai Basil Pesto Sauce | 180g,25 Degrees South Native Pumpkin Ricotta Ravioli Pasta | 325g,Latina Gluten Free Tagliatelle | 280g,Ipastai Bolognese Sauce | 300g,Ipastai Carbonara Sauce | 300g,Cucina Classica Spaghetti Meatball | 350g,Rana Lasagne Sheets | 250g,Coles Nature's Kitchen Lentil Bolognese Ravioli | 350g,Rana Pecorino Pdo & Pepper Tortellini | 300g,Cucina Classica Beef Lasagna | 350g,Latina Agnolotti Sweet Potato & Parmesan Filled Pasta | 625g,Rana Porcini Mushroom Ravioli | 325g,Cibo Penne Tagliatelle Al Ragu | 300g,Coles Kitchen Filled Pasta Tortellini Veal Bacon | 630g,Rana Burrata & Arrabbiata Ravioli | 300g,25 Degrees South Prosciutto & Ricotta Ravioli | 325g,Coles Kitchen Chicken Pesto Pasta Bake | 350g,Rana Four Cheese Ravioli | 325g,Latina Cheddar Cheese Agnolotti | 375g,Coles Perform Pasta Chicken | 360g,Coles Natures Kitchen Mushroom Agnolotti | 350g,Cucina Classica Rigatoni Bolognese | 320g,Rana Panfry Filled Gnocchi Cheese | 280g,Coles Perform Pasta Veg | 360g,Cucina Classica All Arrabiata Penne | 300g,Coles Kitchen Filled Pasta Tortellini Mixed Veg | 630g,Coles Spinach & Ricotta Agnolotti | 1.2kg,25 Degrees South Victorian Three Cheese Ravioli Pasta | 325g,Coles Natures Kitchen Lentil Spaghetti Bolognese | 350g,Rana Filled Tortellini Basil And Pine Nuts | 325g,Coles Kitchen Pumpkin Gnocchi | 500g,Latina Dy Pasta Sauce Italian Tomato Garlic | 700g,Coles Finest Angus Beef Ragu Ravioli | 350g,Coles Ham & Cheese Tortellini | 600g,Latina Fresh Gluten Free Beef Ravioli Pasta | 280g,Latina Fresh Gluten Free Lasagne Sheets | 280g,Coles Finest Filled Gnocchi Genovese Pesto | 350g,Coles Kitchen Filled Pasta Agnolotti Spinach Ricotta | 630g,Latina Fresh Gluten Free Ricotta & Spinach Agnolotti Pasta | 280g,Coles Finest Filled Pasta Pumpkin | 350g,Rana Panfry Filled Gnocchi Spinach Mozzarella | 280g,25 Degrees South Baby Spinach and Fetta Ravioli Pasta | 325g,Coles Perform Build Bolognese Sauce | 300g,Coles Beef Ravioli | 1.2kg,Coles Pappardelle | 300g,Rana Filled Pasta Pumpkin & Cheese Tortellini | 565g,Latina Lasagne with Angus Beef & Vegetables | 1.6kg,,,,,,,,,,,,,,,,,,,,,,,,,,,,,,,,,,,,,,,,,,,,,,,,,,,,,,,,,,,,,,,,,,,,,,,,,,,,48
Lactose Free-Milk,Pauls Zymil Skim Long Life Milk | 1L,Pauls Zymil Low Fat Long Life Milk | 1L,Coles Lactose Free UHT Low Fat Milk | 1L,Pauls Zymil Full Cream Long Life Milk | 1L,Coles Lactose Free Long Life Full Cream Milk | 1L,Liddells Lactose Free Full Cream Milk | 1L,Liddells Lactose Free 99% Low Fat Milk | 1L,Tamar Valley The Creamery Yoghurt Mangoes & Cream | 170g,Cocobella Vanilla Coconut Yoghurt | 150g,Chobani Flip Strawberry Shortcake Yoghurt | 140g,Jalna Greek Style Sweet & Creamy Yoghurt | 1kg,Coles Squeezie Blueberry Yoghurt Pouch | 70g,Gippsland Dairy Smooth & Creamy Twist Yoghurt | 700g,Chobani Fit High Protein Yogurt Pouch Vanilla | 140g,Danone The Ultimate Black Cherry Yoghurt 4x115g | 4 pack,Farmers Union Greek Style Vanilla Yoghurt | 950g,Activia Low Fat Field Berries Yoghurt 4x125g | 500g,Gippsland Dairy Boysenberry Twist Yoghurt | 700g,Farmers Union Regular Greek Yoghurt 4 pack | 640g,Yoplait Yoghurt Mixed Berry | 1kg,Chobani Fit High Protein Yogurt Pouch Strawberry | 140g,Coles High Protein Yoghurt | 900g,Yoplait Strawberry Yoghurt | 1kg,Danone The Ultimate Golden Honey Yoghurt 4x115g | 4 Pack,Dairy Farmers Thick & Creamy Strawberry Yoghurt | 150g,Yoplait Zero French Vanilla Yoghurt | 1kg,Chobani Greek Yogurt Natural Light | 160g,Gippsland Dairy Cookies & Cream Mix-Ins | 140g,Chobani Greek Yogurt Pouch Peach | 140g,Danone The Ultimate Blueberry Yoghurt 4x115g | 4 pack,Chobani Fit High Protein Yogurt Pouch Banana | 140g,Chobani Greek Yogurt Pouch Mango | 140g,Gippsland Dairy Blueberry Twist Yoghurt | 700g,Dairy Farmers Thick & Creamy Yoghurt Vanilla | 600g,Vaalia Kids Pouch Yoghurt Blueberry | 140g,Gippsland Dairy Mango & Blood Orange Twist Yoghurt | 700g,Dairy Farmers Thick & Creamy Mango Passionfruit Yoghurt | 600g,Coles Natural Pot Set Yoghurt | 1kg,Dairy Farmers Thick & Creamy Lemon Cream Yoghurt | 150g,Chobani Fit High Protein Greek Yogurt Vanilla | 160g,Jalna Pot Set Yoghurt Natural Greek | 170g,Tamar Valley The Creamery Yoghurt Blueberries & Cream | 170g,Chobani Greek Yogurt Vanilla | 160g,Chobani Greek Yogurt Tropical | 160g,Chobani Greek Yogurt Lemon | 160g,Coles Strawberry Yoghurt | 1kg,Yoplait Zero Strawberry Yoghurt | 1kg,Farmers Union Greek Style Vanilla Bean Yoghurt | 130g,Vaalia Kids Lactose Free Vanilla Yoghurt Pouch | 140g,Yoplait Vanilla Yoghurt 6x160g | 960g,Chobani Fit High Protein Yogurt Pouch Raspberry | 140g,Chobani Greek Yogurt Limited Edition | 160g,Danone YoPro Pouch Mixed Berries | 150g,Nestle Milo Energy Dairy Snack | 150g,Chobani Fit High Protein Greek Yogurt Passionfruit | 160g,,,,,,,,,,,,,,,,,,,,,,,,,,,,,,,,,,,,,,,,,,,,,,,,,,,,,,,,,,,,,,,,,,,,,55
Long-Life Flavoured Milk,Big M Dairy HDPE Milk Flavoured Milk | 2L,Rokeby Farms Nas Banana Honey Cinnamon Smoothie | 425mL,Dare No Added Sugar Double Espresso Flavoured Milk | 500mL,Dare Mocha Flavoured Milk | 500mL,Rokeby Farms Protein Smoothie Vanilla Wafer | 425mL,Ice Break Real Coffee Regular Strength Flavoured Milk | 750mL,Big M Chocolate Flavoured Milk | 600mL,Big M Strawberry Flavoured Milk Bottle | 750mL,Dare Lactose Free Double Expresso Flav Milk | 500mL,Oak Vanilla Malt Flavoured Milk | 600ml,Oak Chocolate Flavoured Milk | 750mL,Great Ocean Road Chocolate Flavoured Milk | 2L,Big M Chocolate Flavoured Milk | 2L,Dairy Farmers No Added Sugar Chocolate Flavoured Milk | 500mL,Dare Double Espresso Flavoured Milk | 500mL,Dare Triple Espresso Robusta & Arabica Iced Coffee | 500mL,Dare Intense Espresso Flavoured Milk | 500mL,Dare Mocha Flavoured Milk | 750mL,Dare No Added Sugar Espresso Flavoured Milk | 500mL,Farmers Union Iced Coffee | 600mL,Big M Chocolate Flavoured Milk Bottle | 750mL,Ice Break Extra Shot Real Coffee | 750mL,Dare No Added Sugar Double Espresso Flavoured Milk | 750mL,Hunt & Brew Australia Iced Coffee | 400mL,Big M Strawberry Flavoured Milk | 300mL,Oak Chocolate Flavoured Milk | 600mL,Big M Strawberry Flavoured Milk | 600mL,Dare Espresso Flavoured Milk | 2L,Dare Espresso Flavoured Milk | 500mL,Oak Plus NSA Chocolate Flavoured Milk | 500mL,Rokeby Farms Chocolate Honeycomb Protein Smoothie | 425mL,Ice Break Regular Strength Iced Coffee | 500mL,Oak Strawberry Flavoured Milk | 750mL,Rokeby Farms Smoothie Dutch Chocolate | 425mL,Dare Hazelnut Latte Flavoured Milk | 750mL,Big M Banana Flavoured Milk | 600mL,Rokeby Farms Protein Smoothie Double Espresso | 425mL,Oak Strawberry Flavoured Milk | 600mL,Boss Iced Latte Coffee | 237mL,Dare Double Espresso Flavoured Milk | 750mL,Oak Classic Chocolate Flavoured Milk | 2L,Dare Espresso Favoured Milk | 750mL,Dare Caramel Latte Flavoured Milk | 750mL,Industry Cold Brew Coffee Can | 250mL,Big M Hokey Pokey | 500mL,Ice Break Extra Shot Real Coffee | 500mL,Big M Strawberry Flavoured Milk | 2L,Great Ocean Road Iced Coffee Flavoured Milk | 2L,Farmers Union Iced Coffee | 2L,Chobani Oat Milk Chocolate | 1L,,,,,,,,,,,,,,,,,,,,,,,,,,,,,,,,,,,,,,,,,,,,,,,,,,,,,,,,,,,,,,,,,,,,,,,,,,50
Long-Life-Milk,Devondale Skim Long Life Milk | 1L,Coles Australian Lite Long Life Milk | 1L,Coles Australian Full Cream Long Life Milk | 1L,Devondale Full Cream Long Life Milk 6 pack | 1.2L,A2 Full Cream UHT Milk | 1L,Australia's Own A2 Protein Full Cream Milk | 1L,Devondale Semi Skim Long Life Milk | 2L,Australia's Own Cholesterol Lowering Milk | 1L,Devondale Full Cream Long Life Milk | 2L,Devondale Full Cream Long Life Milk | 1L,Devondale Skim Long Life Milk 6 pack | 1.2L,Living Planet Goats Long Life Milk | 1L,Devondale Semi Skim Long Life Milk | 1L,Coles Australian Skim Long Life Milk | 1L,,,,,,,,,,,,,,,,,,,,,,,,,,,,,,,,,,,,,,,,,,,,,,,,,,,,,,,,,,,,,,,,,,,,,,,,,,,,,,,,,,,,,,,,,,,,,,,,,,,,,,,,,,,,,,14
Milk Flavoured,Pauls Bluey Chocolate Flavoured Milk | 250mL,Hunt & Brew Brazil Iced Coffee | 400mL,Boss Vanilla Latte Coffee | 237mL,Pauls Zymil Chocolate Flavoured Milk | 400mL,Oak Caramel Coffee Flavoured Milk | 600mL,Impressed Oat Shake Chocolate | 500mL,Ice Break Single Shot Espresso | 320mL,Oak Plus No Added Sugar Vanilla Flavoured Milk With 30g Protein | 500mL,Boss Iced Long Black Coffee | 237mL,St. Ali Original Iced Coffee | 480mL,Oak Iced Coffee Flavoured Milk | 600mL,Oak Golden Gaytime Flavoured Milk | 600mL,Boss Double Espresso Coffee | 237mL,Sanitarium Up & Go Choc Energize | 500mL,180 Nutrition Good Sport Chocolate | 350mL,Hunt And Brew Ethiopia Black Coffee | 400mL,Oak Lactose Free Chocolate Milk | 600mL,Ice Break Iced Coffee Lactose Free | 500mL,Boss Caramel Coffee | 237mL,Big M Coffee Flavoured Milk | 600mL,Big M Dairy HDPE Milk Flavoured Milk | 2L,Vitasoy Oat Cafe Latte | 330mL,Pauls Ice Break Regular Strength Iced Coffee Flavoured Milk | 2L,Hunt & Brew Peru Mocha Iced Coffee | 400mL,Ice Break Sugar Ice Coffee | 750mL,Boss Coffee Rainbow Mountain Blend | 179mL,Dare Double Esspresso No Added Sugar | 300mL,Vitasoy Almond Iced Chocolate | 330mL,Ice Break Double Shot Espresso | 320mL,Industry Cold Brew Coffee Can | 250mL,Bubble Milk Tea Brown Sugar With Tapioca Pearls | 350mL,Vitasoy Almond Iced Coffee Double Espresso | 330mL,Pauls Bluey Banana Flavoured Milk | 250mL,Impressed Oat Shake Strawberry | 500mL,Pauls Bluey Strawberry Flavoured Milk | 250mL,First Press Cold Drip 10 Shot Coffee | 500mL,Rokeby Farms Smoothie Dutch Chocolate | 425mL,Dare Mocha Flavoured Milk | 500mL,Big M Strawberry Flavoured Milk Bottle | 750mL,Oak Chocolate Flavoured Milk | 750mL,Dare Mocha Flavoured Milk | 750mL,Big M Strawberry Flavoured Milk | 600mL,Dare Espresso Flavoured Milk | 2L,Hunt & Brew Australia Iced Coffee | 400mL,Boss Iced Latte Coffee | 237mL,Big M Chocolate Flavoured Milk | 600mL,Oak Classic Chocolate Flavoured Milk | 2L,Oak Vanilla Malt Flavoured Milk | 600ml,Big M Chocolate Flavoured Milk | 2L,Industry Cold Brew Coffee Can | 250mL,Ice Break Extra Shot Real Coffee | 500mL,Dare Triple Espresso Robusta & Arabica Iced Coffee | 500mL,Big M Strawberry Flavoured Milk | 300mL,Rokeby Farms Protein Smoothie Vanilla Wafer | 425mL,Oak Strawberry Flavoured Milk | 600mL,Ice Break Extra Shot Real Coffee | 750mL,Dare Caramel Latte Flavoured Milk | 750mL,Big M Strawberry Flavoured Milk | 2L,Dare No Added Sugar Double Espresso Flavoured Milk | 500mL,Dare Espresso Favoured Milk | 750mL,Dairy Farmers No Added Sugar Chocolate Flavoured Milk | 500mL,Dare Espresso Flavoured Milk | 500mL,Rokeby Farms Nas Banana Honey Cinnamon Smoothie | 425mL,Big M Hokey Pokey | 500mL,Dare Lactose Free Double Expresso Flav Milk | 500mL,Chobani Oat Milk Chocolate | 1L,Dare Intense Espresso Flavoured Milk | 500mL,Farmers Union Iced Coffee | 600mL,Oak Strawberry Flavoured Milk | 750mL,Dare Hazelnut Latte Flavoured Milk | 750mL,Rokeby Farms Chocolate Honeycomb Protein Smoothie | 425mL,Oak Chocolate Flavoured Milk | 600mL,Dare No Added Sugar Espresso Flavoured Milk | 500mL,Great Ocean Road Chocolate Flavoured Milk | 2L,Dare Double Espresso Flavoured Milk | 750mL,Ice Break Real Coffee Regular Strength Flavoured Milk | 750mL,Big M Chocolate Flavoured Milk Bottle | 750mL,Dare No Added Sugar Double Espresso Flavoured Milk | 750mL,Big M Banana Flavoured Milk | 600mL,Rokeby Farms Protein Smoothie Double Espresso | 425mL,Great Ocean Road Iced Coffee Flavoured Milk | 2L,Farmers Union Iced Coffee | 2L,Big M Dairy HDPE Milk Flavoured Milk | 2L,Dare Double Espresso Flavoured Milk | 500mL,Ice Break Regular Strength Iced Coffee | 500mL,Oak Plus NSA Chocolate Flavoured Milk | 500mL,,,,,,,,,,,,,,,,,,,,,,,,,,,,,,,,,,,,,,86
Organic Long Life Milk,Pureharvest Organic Long Life Oat Milk | 1L,Australia's Own Unsweetened Organic Almond Milk | 1L,Oatly Organic Oat Milk | 1L,Pureharvest Organic Malt Free Long Life Soy Drink | 1L,Australia's Own Organic Oat Milk | 1L,Coles Organic Full Cream Milk UHT | 1L,,,,,,,,,,,,,,,,,,,,,,,,,,,,,,,,,,,,,,,,,,,,,,,,,,,,,,,,,,,,,,,,,,,,,,,,,,,,,,,,,,,,,,,,,,,,,,,,,,,,,,,,,,,,,,,,,,,,,,6
Other Ready Meals,Coles French Onion Dip | 200g,Black Swan Dip Reduced Fat Hommus | 200g,Philadelphia Sweet Chilli Pourover Dip | 250g,Obela Hommus Roasted Pine Nut Dip | 220g,Obela Smooth Classic Hommus Dip | 1kg,Coles Hommus Dip | 1kg,Black Swan Crafted Guacamole Dip | 170g,Fresh Fodder Greek Style Tzatziki Dip | 200g,Yumi's Green Olive Dip | 200g,Black Swan Dip Reduced Fat Tzatziki | 200g,Black Swan Dip Beetroot | 200g,Black Swan Dip Reduced Fat Roasted Capsicum | 200g,Coles Mini Hommus Pots 3x60g | 180g,Yumi's Avocado & Sea Salt Dip | 200g,Yumi's Roasted Beetroot Hommus Dip | 200g,Obela Singles Tzatziki Classic 3X60G | 180g,Obela Dip Hommus To Go Singles 3X60G | 180g,Obela Classic Smooth Hommus | 220g,Black Swan Spring Onion Dip | 200g,Yumi's Spinach Dip | 200g,Obela Hommus Pistachio Lemon Dukkah | 220g,Red Rock Deli Dip Roasted Capsicum Pecorino Cashew & Basil | 135g,Fresh Fodder Taramosalata Dip | 200g,Black Swan Tzatziki Dip | 200g,Black Swan Hommus Dip | 200g,Pilpel Gluten Free Hummous Dip | 350g,Yumi's Mexican Bean with a Hint of Chilli Dip | 200g,Yumi's Kalamata Olive Dip | 200g,Yumi's Sweet Potato & Roasted Cashews Dip | 200g,Coles Cheese & Chive Dip | 200g,Obela Classic Tzatziki | 220g,Black Swan Dip Taramosalata | 200g,Black Swan Spicy Capsicum Dip | 200g,Obela Hommus Garnished Zesty Jalapeno | 220g,Black Swan Avocado Dip | 200g,Yumi's Mini Middle Eastern Hommus 3x65g | 195g,Yumi's Mediterranean Eggplant Dip | 200g,Yumi's Mediterranean Vegetable Dip | 200g,Black Swan Crafted Hommus And Garlic Dip | 170g,Yumi's Spicy Capsicum with Cashews Dip | 200g,Coles Tzatziki Dip | 200g,Coles Hommus Dip | 200g,Yumi's Middle Eastern Hommus Dip | 200g,Obela Classic To Go Smooth Hommus | 125g,Sunbites Grain Waves Chips Sour Cream & Chives | 170g,Coles Avocado Dip | 200g,Red Rock Deli Dip Basil Pesto Pecorino & Cashew | 135g,Coles Corn Relish Dip | 200g,Sunbites Sea Salt Snack Crackers | 105g,Coles Spicy Capsicum Dip | 200g,Yumi's Dip Hommus Traditional | 1kg,Black Swan French Onion Dip | 200g,Yumi's Smokey Chipotle Hommus Dip | 200g,,,,,,,,,,,,,,,,,,,,,,,,,,,,,,,,,,,,,,,,,,,,,,,,,,,,,,,,,,,,,,,,,,,,,,,53
Packaged Bacon,Thomson's Deli Short Cut Bacon | 1.25kg,Primo Middle Bacon | 750g,British Sausage Co. Smoked Streaky Bacon | 175g,Thomson's Deli Middle Bacon | 250g,Don Crafted Cuts Streaky Bacon | 180g,Don Crafted Cut Bacon Shortcut | 200g,Primo Rindless Middle Bacon | 250g,Thomson's Deli Middle Bacon | 1kg,Bertocchi Long Rindless Hickory Smoked Bacon | 400g,Primo Australian Short Cut Bacon | 200g,Primo Short Cut Bacon | 200g,Primo Bacon Style Pieces Twin Pack | 300g,Don Crafted Cuts Double Smoked Pansize Bacon | 200g,Primo Australian Made Middle Bacon | 200g,Coles Australian Made Thin Sliced Streaky Bacon | 200g,Coles Bacon Streaky | 200g,Thomson's Deli Streaky Bacon | 200g,British Sausage Co Smoked Back Bacon | 200g,Coles Bacon Shortcut Rindless | 200g,Coles Australian Made Rindless Short Cut Bacon | 200g,Primo Gluten Free Real Diced Bacon | 200g,Coles Rindless Pan Sized Bacon | 200g,Primo Streaky Bacon | 650g,Bertocchi Short Rindless Hickory Smoked Bacon | 400g,Primo Streaky Rindless Bacon | 200g,Primo Short Cut Salt Reduced Rindless Bacon | 200g,Thomson's Deli Short Cut Bacon | 200g,Primo Dairy Short Cut Rindless Bacon | 750g,Thomson's Deli Cooking Bacon | 1kg,Primo Short Cut Bacon | 1 kg,,,,,,,,,,,,,,,,,,,,,,,,,,,,,,,,,,,,,,,,,,,,,,,,,,,,,,,,,,,,,,,,,,,,,,,,,,,,,,,,,,,,,,,,,,,,,,30
Packaged Deli Meat,Provedore Chorizo Crumb | 100g,Provedore Salami & Prosciutto Tasting Plate | 100g,Thomson's Deli Ham And Chicken Luncheon | 1kg,Hans Striker Mild Salami Sticks | 105g,Thomson's Deli Sliced Turkey | 320g,Provedore Pancetta Crumb | 100g,Provedore Salami Crumb | 100g,Don Chicken Breast | 160g,Coles Australian Made Double Smoked Leg Ham | 150g,Don Liverwurst Latvian | 100g,Thomson's Deli Shaved Leg Ham | 100g,Don Mild Hungarian Salami | 200g,Don Salami Pepperoni | 200g,Thomson's Deli Pepperoni Salami | 200g,Thomson's Deli Danish Salami | 200g,Coles Mild Hungarian Salami | 200g,Provedore Spanish Style Tapas | 90g,Primo Cafe Pork BBQ Tender Roast | 150g,Don Hot Hungarian Salami | 200g,Coles Pepperoni | 200g,Thomson's Deli Devon | 100g,Thomson's Deli Devon | 1kg,,,,,,,,,,,,,,,,,,,,,,,,,,,,,,,,,,,,,,,,,,,,,,,,,,,,,,,,,,,,,,,,,,,,,,,,,,,,,,,,,,,,,,,,,,,,,,,,,,,,,,22
Packaged Frankfurts,Fairy Cooking Margarine | 250g,Devondale Regular Butter Blend | 500g,Flora ProActiv Margarine Spread Buttery | 500g,Western Star Spreadable Blend Reduced Salt | 500g,Flora Margarine Spread Original | 500g,Copha Vegetable Cooking Oil Solid | 250g,Coles Simply Salted Butter | 500g,Devondale Regular Butter | 500g,Coles Unsalted Butter | 250g,Mainland Butter Soft Salt Reduced Spreadable Butter | 375g,Western Star Supersoft Spreadable Butter Blend | 500g,Bertolli Olive Oil Margarine Spread Classic | 500g,Coles Salted Butter | 500g,Western Star Original Spreadable Butter Blend | 375g,Lurpak Butter Spreadable Slightly Salted | 250g,Flora ProActiv Margarine Spread Original | 250g,Coles Olive Oil Spread | 500g,Devondale Salted Butter | 250g,Great Ocean Road Pat Butter Sea Salt | 250g,Coles Simply Unsalted Butter | 250g,Flora ProActiv Margarine Spread Light | 500g,Tru-Blue Garlic Butter Spread | 150g,Lurpak Butter Garlic | 125g,Nuttelex Buttery Spread | 500g,Western Star Original Salted Butter Pat | 500g,Flora Pro Activ Margarine Spread Original | 500g,Western Star Chef's Choice Unsalted Cultured Butter Pat | 250g,Devondale Unsalted Pat Butter | 250g,Coles Organic Salted Butter | 250g,Nuttelex Buttery | 1kg,Western Star Traditional Spreadable Butter Blend | 500g,Meadow Lea Original Margarine Spread | 1kg,Coles Organic Unsalted Butter | 250g,Lurpak Butter Unsalted | 250g,Flora ProActiv Margarine Spread Buttery | 250g,Flora Margarine Spread Light | 500g,Devondale Salt Reduced Butter | 500g,Lurpak Butter Slightly Salted | 250g,Coles Simply Salted Butter | 250g,Coles Simply Regular Spread | 1kg,Coles Salted Butter | 250g,Western Star Chef's Choice Unsalted Cultured Butter | 500g,Lurpak Butter Spreadable Slightly Salted | 400g,Lurpak Butter Unsalted | 400g,Western Star Original Salted Butter | 250g,Nuttelex Original Spread | 500g,Meadow Lea Original Margarine Spread | 500g,Nuttelex Olive Spread | 500g,Coles Buttery Blend Spread | 500g,Flora ProActiv Margarine Spread Original | 750g,Lurpak Butter Slightly Salted | 400g,Wik Dripping | 500g,Mainland Butter Soft Salted Spreadable Butter | 375g,Olive Grove Classic Olive Oil Margarine Tub | 500g,The Organic Milk Company Unsalted Butter | 250g,Lurpak Butter Garlic | 125g,The Organic Milk Company Salted Butter | 250g,Copha Vegetable Cooking Oil Solid | 250g,Mainland Garlic & Herb Spreadable Blend | 140g,Western Star Spreadable Blend Regular Salt Reduced | 375g,York Foods Lard | 250g,Western Star Unsalted Butter | 250g,Flora Margarine Spread Original | 1kg,Fairy Cooking Margarine | 250g,Westgold Salted Butter | 400g,Bertolli Spread With Butter | 450g,Coles Cholesterol Lowering Spread | 500g,Westgold Butter Infused Chilli & Garlic | 100g,Westgold Unsalted Butter | 400g,Coles Spreadable Dairy Blend | 750g,Western Star Spreadable Butter Blend | 375g,Lurpak Butter Lighter Spreadable Slightly Salted | 250g,Lurpak Butter Slightly Salted | 400g,Mainland Organic Salted Butter | 250g,Flora Spread With Butter | 450g,Great Ocean Road Pat Butter Unsalted | 250g,Lurpak Butter Unsalted | 400g,Nuttelex Spread Zero Palm Oil | 500g,Flora Margarine Spread Buttery | 1kg,Westgold Butter Infused Garlic & Parsley | 100g,Wik Dripping | 500g,Devondale Extra Soft Butter Less Fat | 750g,Coles Salt Reduced Butter | 250g,Mainland Organic Spreadable | 250g,Supafry Solid Cooking Oil | 500g,,,,,,,,,,,,,,,,,,,,,,,,,,,,,,,,,,,,,,,85
Packaged Salami & Kabana,Thomson's Deli Mild Hungarian Salami | 320g,Don Italian Style Shaved Salami | 160g,Primo 25% Salt Reduced Mild Salami | 80g,Thomson's Deli Pepperoni Salami | 200g,Hans Striker Mild Salami Sticks | 105g,Coles Mild Hungarian Salami | 200g,Primo Pepperoni Hot Salami | 80g,Primo Gluten Free Cheese Kransky | 250g,Provedore Free Range Chorizo | 200g,Thomson's Deli Danish Salami | 200g,Coles Spicy Chorizo Salami Knob | 200g,Primo Prosciutto | 100g,Primo Original Twiggy Sticks | 200g,Provedore Mild Chorizo Salami | 100g,Primo Hot Hungarian Salami | 80g,Provedore Pancetta Crumb | 100g,Don Mild Hungarian Salami | 160g,Coles Mild Salami | 200g,Don Ready To Eat Kabana Minis | 140g,Provedore Chorizo Crumb | 100g,Provedore Prosciutto | 100g,Primo Danish Salami | 80g,Don Lunchbox Sticks | 140g,Provedore Salami Crumb | 100g,Primo Mild Hungarian Salami | 80g,Primo Cafe Beef Mild Fajita | 140g,,,,,,,,,,,,,,,,,,,,,,,,,,,,,,,,,,,,,,,,,,,,,,,,,,,,,,,,,,,,,,,,,,,,,,,,,,,,,,,,,,,,,,,,,,,,,,,,,,26
Pasta Sauces,Perfect Italiano Cheese Romano Block | 200g,Norco Natural Cheese Block | 500g,Cheer Cheese Block Mozzarella | 400g,Bega Tasty Block | 500g,Cheer Cheese Block Tasty Light | 400g,Cracker Barrel Special Reserve Cheese Block | 250g,Great Ocean Road Extra Tasty Cheese Block | 500g,Mainland Vintage Cheese Block | 400g,Perfect Italiano Parmesan Cheese Block | 200g,Bega Strong & Bitey Dairy Cheese Vintage Block | 500g,Great Ocean Road Vintage Cheese Block | 500g,Coles Dairy Tasty Light Cheese Block | 1kg,Bega Strong & Bitey Vintage Cheese Block | 250g,Riverina Haloumi Lactose Free | 180g,Coles Australian Colby Cheese | 1kg,Zanetti Parmigiano Reggiano PDO | 200g,Coles Vintage Cheese Block | 250g,Cracker Barrel Extra Sharp Cheese Block | 250g,Mainland Tasty Cheese Block | 500g,Cheer Cheese Block Tasty | 400g,The Organic Milk Co Organic Cheddar Block | 400g,Coles Parmigiano Reggiano | 250g,Mainland Extra Tasty Cheese Block | 250g,Mil Lel Parmesan Cheese Block | 250g,Coles Dairy Extra Tasty Cheese Block | 250g,Coles Cheddar Cheese Block | 1kg,Coles Dairy Tasty Cheese Block | 250g,La Casa Del Formaggio Mozzarella Ball | 250g,Liddells Lactose Free Cheese Block | 250g,Mainland Extra Tasty Cheddar Cheese Block | 500g,Coles Gourmet Selection Paneer | 200g,Dodoni Greek Feta Cheese Lactose Free | 200g,Coles Dairy Tasty Cheese Block | 500g,Coles Mozzarella Pear | 500g,Bega Tasty Cheese Block | 250g,Great Ocean Road Tasty Cheese Block | 500g,Zanetti Pecorino Romano | 200g,Bega Easy Melt Colby Block | 500g,Cracker Barrel Extra Sharp Cheese Block | 500g,Coles Dairy Cheese Tasty | 1kg,Coles Colby Cheese Block | 250g,Coles Grana Padano Aged 14 Months | 250g,Coles Dairy Tasty Lite Cheese Block | 250g,Perfect Italiano Cheese Extra Sharp Parmesan Block | 200g,Cheer Tasty Cheese Block | 1kg,Bio Original Cheese Block | 200g,La Casa Del Formagio Cheese Mozzarella Bag | 125g,Great Ocean Road Colby Cheese Block | 500g,Lemnos Haloumi Smoked Paprika | 180g,Mainland Epicure Cheese Block | 200g,,,,,,,,,,,,,,,,,,,,,,,,,,,,,,,,,,,,,,,,,,,,,,,,,,,,,,,,,,,,,,,,,,,,,,,,,,50
Pates & Platters,Normandie Dairy Black Pepper Pate | 150g,South Cape 4 Piece Cheese Selection Platter | 435g,Castello Spanish Quince Paste | 125g,Normandie Dairy Cognac Pate | 150g,Maggie Beer Quince Paste | 100g,Ashgrove Taste of Tassie Cheese Selection | 250g,Normandie Pate Chicken Cointreau | 150g,Maggie Beer Quince & Champagne Paste | 100g,Normandie Dairy Champagne Pate | 150g,Jalna Pot Set Organic Bio Dynamic Whole Milk Yoghurt | 1kg,Pauls Milky Max Vanilla Custard | 70g,Dairy Farmers Thick & Creamy Yoghurt Vanilla | 440g,Jalna Pot Set Greek Style Sweet & Creamy Strawberry Yoghurt | 1kg,Dairy Farmers Thick & Creamy Yoghurt Strawberry & Wattleseed | 140g,Chobani Caramel Sunshine Flip Yoghurt | 140g,Five:AM Organic Vanilla Bean Yoghurt | 700g,Jalna Farm To Pot Organic Yoghurt Greek | 1kg,Gippsland Dairy Choc Fudge Honeycomb Mix-Ins | 140g,Five:AM Organic Coffee Bean Yoghurt | 170g,Vaalia Reduced Fat French Vanilla Yoghurt 4x150g | 600g,Gippsland Dairy Passionfruit Twist Yoghurt | 700g,Yoplait Berry Punnet Yoghurt 6x160g | 960g,Liddells Strawberry Yoghurt 140 grams | 4 Pack,Vaalia Plain Yoghurt Low Fat | 900g,Chobani Flip Mint Chocolate Chip Yoghurt | 140g,Yoplait Classic Yoghurt 6x160g | 960g,Gippsland Dairy Yoghurt Apple Rhubarb | 700g,Jalna Lactose Free Whole Milk Natural Yoghurt | 1kg,Gippsland Dairy Mango & Blood Orange Twist Yoghurt | 160g,Chobani Greek Yogurt Vanilla | 907g,Yoplait Berry Punnet Yoghurt 100g | 12 Pack,Cocobella Dairy Free Natural Coconut Yoghurt | 500g,Cocobella Coconut Yoghurt Vanilla | 900g,Dairy Farmers Thick & Creamy Yoghurt Mango & Finger Lime | 550g,Activia Low Fat Strawberry Yoghurt 4x125g | 500g,YoPro Yoghurt Pouch Strawberry | 150g,Farmers Union Greek Style Yoghurt | 130g,Jalna Lactose Free Yoghurt Greek Natural | 1kg,Gippsland Dairy Passionfruit Twist Yoghurt | 160g,Liddells Lactose Free Plain Yoghurt 4 pack | 140g,Farmers Union No Added Sugar Kids Yogurt Pouch Tropical | 130g,Jalna Pot Set Creamy Vanilla Yoghurt | 1kg,Yoplait Multi Flavoured Classic Yoghurt 12 x100g | 12 Pack,Pauls Kids Yoghurt Limited Edition | 70g,Dairy Farmers Thick & Creamy Yoghurt Strawberry | 440g,Chobani Flip Yogurt Triple Choc Brownie | 140g,Farmers Union Greek Style Protein Yogurt | 500g,Dairy Farmers Thick & Creamy Caramelised Fig Yoghurt | 150g,Jalna Pot Set Fat Free Natural Yoghurt | 1kg,Danone Yopro Banana Yoghurt | 160g,Cocobella Coconut Natural Yoghurt | 900g,Yogo Choc Chip | 150g,Danone Yopro Yoghurt Salted Caramel | 700g,Chobani No Sugar Added Yogurt Vanilla Bean | 680g,Pauls Milky Max Chocolate Custard | 70g,Gippsland Dairy Toffee & Honeycomb Twist Yoghurt | 160g,Gippsland Dairy Twist Yoghurt Limited Edition | 160g,,,,,,,,,,,,,,,,,,,,,,,,,,,,,,,,,,,,,,,,,,,,,,,,,,,,,,,,,,,,,,,,,,,57
Pizzas,Coles Kitchen BBQ Meat Deluxe Pizza | 470g,Coles Finest Italian Passata Sauced Pizza Base | 250g,Senza Gluten Free Pizza Base | 220g,400 Gradi Fior Di Latte & Garlic Pizza | 400g,Coles Kitchen Loaded Supreme Pizza | 470g,Coles Finest Ham Mushroom Olive Pizza | 360g,Coles Kitchen High Protein Pizza Base | 260g,Coles Kitchen Plain Pizza Base | 260g,Coles Kitchen Double Pepperoni Pizza | 420g,Coles Kitchen Pizza Pumpkin & Fetta | 470g,Coles Nature's Kitchen Cauliflower Pizza Base | 170g,Stone Baked Pizza Bases Twin pack | 560g,Nevana Pizza Base 12 pack | 700g,Coles Kitchen Loaded Hawaiian Pizza | 455g,Coles Kitchen Pizza Dough Ball | 250g,Coles Kitchen BBQ Chicken & Bacon Pizza | 460g,"400 Gradi Pizza 11"" Margherita | 400g",Coles Finest Margherita Pizza | 350g,Coles Kitchen Tomato Pizza Base | 300g,,,,,,,,,,,,,,,,,,,,,,,,,,,,,,,,,,,,,,,,,,,,,,,,,,,,,,,,,,,,,,,,,,,,,,,,,,,,,,,,,,,,,,,,,,,,,,,,,,,,,,,,,19
Powdered Long Life Milk,Lewis Road Creamery Whole Milk Powder | 1kg,Coles Fat Free Instant Skim Milk Powder | 1kg,A2 Full Cream Instant Milk Powder | 1kg,Coles Full Cream Milk Powder | 1kg,Devondale Instant Full Cream Milk Powder | 1kg,Danone YoPro Pouch Mango | 150g,Farmers Union Yoghurt Peach 130g | 130g,Chobani Fit High Protein Greek Yogurt Tropical | 160g,Cocobella Coconut Passionfruit Yoghurt | 150g,Danone YoPro Pouch Passionfruit | 150g,Danone The Ultimate Succulent Strawberry Yoghurt 4x115g | 4 pack,Chobani Fit High Protein Greek Yogurt Pouch Tropical | 140g,Pauls Kids Vanilla Yoghurt | 70g,Gippsland Dairy Yogurt Mixed Berry | 700g,Activia Low Fat Vanilla Yoghurt 4x125g | 500g,Chobani Greek Yogurt Natural Whole Milk | 907g,YoPro Yoghurt Pouch Banana | 150g,Yoplait Zero Classic Yoghurt 6x160g | 960g,Dairy Farmers Thick & Creamy Caramelised Fig Yoghurt | 600g,Danone Yopro Strawberry Yoghurt Tub | 700g,YoGo Chocolate & M&M's Mini Dessert | 150g,Dairy Farmers Thick & Creamy Strawberry Yoghurt | 600g,Gippsland Dairy Strawberry Cream Twist Yoghurt | 700g,Chobani Fit High Protein Greek Yogurt Vanilla | 680g,Danone The Ultimate Tropical Mango Yoghurt 4x115g | 4 pack,Farmers Union Greek Style Passionfruit Yoghurt Pouch | 130g,Vaalia Kids Yoghurt Pouch Honeycomb | 140g,Activia Low Fat Mango Yoghurt 4x125g | 500g,Gippsland Dairy Boysenberry Twist Yoghurt | 160g,Yoplait Zero Berry Harvest Yoghurt 6x160g | 960g,Danone Ultimate Greek Yoghurt Limited Edition 4 pack | 460g,Vaalia French Vanilla Low Fat Yoghurt | 900g,Tamar Valley Kids Natural Greek Tropical Yoghurt Pouch | 110g,Danone Yopro Mango Yoghurt | 160g,Dairy Farmers Thick & Creamy Classic Vanilla Yoghurt | 150g,Danone Yopro Salted Caramel Flavoured Yoghurt | 160g,Chobani Fit High Protein Greek Yogurt Blueberry | 160g,Chobani Fit High Protein Greek Yogurt Strawberry | 160g,Vaalia Probiotics Banana Kids Yoghurt Pouch | 140g,Chobani Flip Cookies & Cream Crunch Yoghurt | 140g,Tamar Valley Kids Greek Pouch Yoghurt | 110g,Dairy Farmers Thick & Creamy Mango Passionfruit Yoghurt | 150g,Danone YoPro Strawberry Yoghurt | 160g,Gippsland Dairy Strawberry Waffle Mix-Ins | 140g,Chobani Greek Yogurt Coconut | 160g,Tamar Valley Kids Greek Natural Raspberry Yoghurt Pouch | 110g,YoPro Yoghurt Pouch Vanilla | 150g,Dairy Farmers Thick & Creamy Yoghurt Mango & Finger Lime | 140g,Danone YoPro Vanilla Yoghurt | 160g,Gippsland Dairy Blueberry Twist Yoghurt | 160g,Tamar Valley Greek Yoghurt | 1kg,Gippsland Dairy Toffee & Honeycomb Twist Yoghurt | 700g,Coles Peach & Mango Yoghurt | 1kg,,,,,,,,,,,,,,,,,,,,,,,,,,,,,,,,,,,,,,,,,,,,,,,,,,,,,,,,,,,,,,,,,,,,,,,53
Probiotic Milk,Coles Gouda Cheese Slices | 200g,The Organic Milk Co Organic Cheddar Slices | 250g,Bega Dairy Natural Tasty Cheese Slices 30 Pack | 500g,Bega Strong & Bitey Natural Vintage Slices | 500g,Bega Cheese Slices Colby | 500g,Mainland Cheese Slices Swiss | 180g,Jarlsberg Dairy Swiss Lite Cheese Slices | 150g,Bega Natural 25% Red Fat Tasty Slices 30 pack | 500g,Coles Dairy Colby Cheese Slices 12 Pack | 250g,Cheer Cheese Slices Tasty Refill | 250g,Coles Australian Smokey Individually Wrapped Slices 12 Pack | 250g,Coles Tasty Light Cheese Slices 24 Pack | 500g,Bega Light & Tasty Natural Cheese Slices 12x250g | 250g,Cheer Cheese Slices Mozzarella Refill | 250g,Bio Cheddar Cheese Slices | 200g,Sheese Tasty Slices | 200g,Bega Tasty Natural Cheese Slices 15 pack | 250g,Cheer Tasty Cheese Slices | 750g,Coles Australian Tasty Cheese Slices 12 Pack | 250g,Dairylea Regular Cheese Slices 36 Pack | 648g,Cheer Tasty Cheese Slices | 500g,Norco Natural Dairy Cheese Slices 12 Pack | 250g,Coles Swiss Style Cheese Slices | 200g,Dairylea Cheddar Cheese Slices 12 Pack | 250g,Mainland Cheese Slices Extra Tasty | 210g,Coles Havarti Cheese Slices | 200g,Liddells Tasty Cheese Slices | 250g,Coles Dairy Cheese Slices Processed | 500g,Dairylea Original Cheese Slices 24 Pack | 432g,Bega Easy Melt Colby Slices | 250g,Cheer Dairy Tasty Light Cheese Slices | 500g,Coles Dairy Cheese Slices Processed Lite 24 Pack | 500g,Jarlsberg Dairy Original Swiss Cheese Slices | 150g,Cheer Cheese Slices Colby | 750g,Cheer Cheese Slices Extra Tasty | 500g,Dairylea Burger Cheese Slices | 250g,Coles Tasty Cheese Slices 24 Pack | 500g,Bega Strong & Bitey Vintage Cheese Slices 15x250g | 250g,Coles Cheese Slices 84 pack | 1kg,Cracker Barrel Extra Sharp Cheese Slices | 250g,Liddells Colby Cheese Slices | 250g,Cheer Cheese Slices Light & Tasty | 750g,Cheer Colby Cheese Slices | 500g,Coles Edam Cheese Slices | 200g,Dairylea Original Cheese Slices 12 pack | 216g,Dairylea Less Fat Light Cheese Slices 24 Pack | 432g,Coles Dairy Vintage Cheese Slices 12 Pack | 250g,Bega Lactose Free Natural Cheese Slices | 250g,,,,,,,,,,,,,,,,,,,,,,,,,,,,,,,,,,,,,,,,,,,,,,,,,,,,,,,,,,,,,,,,,,,,,,,,,,,,48
Skim & Low Fat Milk,Pauls Physical Reduced Fat Hi Calcium Milk | 2L,Pauls Rev Low Fat Milk Carton | 1L,A2 Dairy Light Milk | 3L,Coles Lite Reduced Fat Milk | 2L,Coles Lite Milk Bottle | 1L,Pauls Rev Low Fat Milk | 2L,Great Ocean Road Fresh Low Fat Milk | 2L,Pauls Smarter White Milk Only 2% Fat | 1L,Pauls Physical High Calcium Reduced Fat Milk Carton | 1L,Pauls Skinny Milk | 2L,Pauls Smarter White Milk | 3L,The Complete Dairy High Protein Light Milk | 1L,Pura Light Start Milk | 3L,Coles Lite Reduced Fat Milk | 3L,Great Ocean Road Fresh Skim Milk | 2L,Coles Skim Milk Bottle | 1L,Devondale Light Milk | 2L,Pauls Smarter White Milk | 2L,Devondale Light Milk | 3L,The Complete Dairy High Protein Full Cream Milk | 1L,Pura Light Start Milk | 2L,,,,,,,,,,,,,,,,,,,,,,,,,,,,,,,,,,,,,,,,,,,,,,,,,,,,,,,,,,,,,,,,,,,,,,,,,,,,,,,,,,,,,,,,,,,,,,,,,,,,,,,21
Sliced Cheese,Mainland Cheese Slices Gouda | 180g,Cheer Cheese Slices Aussie Jack Refill | 250g,Cheer Cheese Vintage Slices Refill | 250g,Cheer Cheese Block Mozzarella | 400g,Bio Original Cheese Block | 200g,Nature's Kitchen Cheddar Slices | 200g,Cheer Cheese Slices Colby Refill | 250g,Bega Dairy Natural Tasty Cheese Slices 30 Pack | 500g,Bega Strong & Bitey Natural Vintage Slices | 500g,Coles Australian Smokey Individually Wrapped Slices 12 Pack | 250g,Dairylea Regular Cheese Slices 36 Pack | 648g,Coles Dairy Cheese Slices Processed Lite 24 Pack | 500g,Cheer Dairy Tasty Light Cheese Slices | 500g,Coles Dairy Cheese Slices Processed | 500g,Cheer Colby Cheese Slices | 500g,Coles Tasty Cheese Slices 24 Pack | 500g,Bega Tasty Natural Cheese Slices 15 pack | 250g,Cheer Tasty Cheese Slices | 500g,Sheese Tasty Slices | 200g,Dairylea Original Cheese Slices 24 Pack | 432g,Dairylea Original Cheese Slices 12 pack | 216g,Coles Tasty Light Cheese Slices 24 Pack | 500g,Coles Swiss Style Cheese Slices | 200g,Cheer Tasty Cheese Slices | 750g,Jarlsberg Dairy Original Swiss Cheese Slices | 150g,Coles Cheese Slices 84 pack | 1kg,Bega Easy Melt Colby Slices | 250g,Bega Natural 25% Red Fat Tasty Slices 30 pack | 500g,Bega Lactose Free Natural Cheese Slices | 250g,Liddells Tasty Cheese Slices | 250g,Mainland Cheese Slices Extra Tasty | 210g,Coles Dairy Vintage Cheese Slices 12 Pack | 250g,Norco Natural Dairy Cheese Slices 12 Pack | 250g,Bega Cheese Slices Colby | 500g,Coles Edam Cheese Slices | 200g,Coles Gouda Cheese Slices | 200g,Dairylea Less Fat Light Cheese Slices 24 Pack | 432g,Dairylea Burger Cheese Slices | 250g,The Organic Milk Co Organic Cheddar Slices | 250g,Cheer Cheese Slices Tasty Refill | 250g,Cracker Barrel Extra Sharp Cheese Slices | 250g,Mainland Cheese Slices Swiss | 180g,Bio Cheddar Cheese Slices | 200g,Coles Dairy Colby Cheese Slices 12 Pack | 250g,Coles Australian Tasty Cheese Slices 12 Pack | 250g,Coles Havarti Cheese Slices | 200g,Liddells Colby Cheese Slices | 250g,Bega Strong & Bitey Vintage Cheese Slices 15x250g | 250g,Bega Light & Tasty Natural Cheese Slices 12x250g | 250g,Jarlsberg Dairy Swiss Lite Cheese Slices | 150g,Cheer Cheese Slices Light & Tasty | 750g,Cheer Cheese Slices Extra Tasty | 500g,Dairylea Cheddar Cheese Slices 12 Pack | 250g,Cheer Cheese Slices Colby | 750g,Cheer Cheese Slices Mozzarella Refill | 250g,Castello Fetta Cubes In Brine | 430g,Riverina Haloumi | 900g,Riverina Fetta Basil Pesto | 200g,La Casa Del Formaggio Burrata | 150g,Mersey Valley Club Original Cheddar Cheese | 235g,Tasmanian Heritage Camembert Oval | 125g,Riverina Fetta Greek Style | 200g,South Cape Greek Style Fetta | 200g,Coles Double Cream Camembert | 200g,La Casa Del Formaggio Bocconcini Bambini Cheese | 220g,Mersey Valley Little Entertainer Classic | 80g,Lemnos Reduced Salt Haloumi | 180g,Coles Cypriot Halloumi With Mint | 250g,Castello Double Cream Truffle Cheese | 150g,Tasmanian Heritage Triple Cream Brie Oval | 125g,Coles Sweet Chilli Cheese | 190g,Tasmanian Heritage Little Entertainers Double Brie | 80g,Coles Marinated Danish Fetta | 300g,Tasmanian Heritage Cheese Wedge Havarti | 180g,Coles Dairy Cheese Camembert Wrapped | 125g,La Casa Del Formaggio Original Bocconcini Cheese | 220g,La Casa Del Formaggio Fresh Mozzarella | 200g,Tasmanian Heritage Camembert | 200g,King Island Dairy Cape Wickham Double Brie | 200g,Tasmanian Heritage Little Entertainers Camembert | 80g,Castello Blue Cheese | 150g,Riverina Haloumi Basil | 180g,Coles Dairy Cheese Brie Wrapped | 125g,Meredith Dairy Marinated Goats Cheese | 100g,Meredith Goats Cheese Chevre | 80g,Coles Cheese Spring Onion & Chive | 190g,Meredith Dairy Marinated Goats Cheese | 550g,Tasmanian Heritage Double Cream Brie | 200g,Coles Finest Aged Red Leicester | 200g,Coles Cherry Bocconcini | 220g,South Cape Cream Cheese Sweet Chilli | 80g,Lemnos Fetta Traditional | 180g,Lemnos Foods Dairy Cyprus Style Cheese Haloumi | 180g,Riverina Haloumi | 180g,South Cape Cream Cheese Apricot Almond | 80g,Lemnos Traditional Fetta Twin Pack | 200g,Jindi Triple Cream Brie | 180g,Emborg French Camembert | 200g,La Casa Del Formaggio Cherry Bocconcini Cheese | 220g,Tasmanian Heritage Cheese Wedge Gouda | 180g,Coles Dairy Cheese Fetta Aust Style | 200g,Coles Finest Vintage British Cheddar | 200g,Dodoni Halloumi | 225g,Castello Herbs & Garlic In Oil Marinated Fetta | 265g,Coles Cheese Apricot & Almond | 190g,Mersey Valley Club Classic Cheddar Cheese | 235g,Castello Double Cream Brie | 150g,Coles Traditional Bocconcini | 210g,Coles Triple Cream Brie | 200g,,,,,,,,,,,,,,,109
Soups & Stews,Coles Deli Fromager D'Affinois | approx 200g,Coles Dairy Cheese Brie Wrapped | 125g,Tasmanian Heritage Triple Cream Brie Oval | 125g,Bulla Dairy Low Fat Cottage Cheese Original | 200g,Jindi Dairy Cheese Camembert | 200g,Coles Ash Brie | 200g,Coles Dairy Cheese Camembert Wrapped | 125g,Jindi Triple Cream Brie | 180g,King Island Dairy Cape Wickham Double Brie | 200g,Australian Gold Dairy Cheese Camembert | 115g,Bulla Dairy Low Fat Onion & Chives Cottage Cheese | 200g,Perfect Italiano Original Ricotta Soft Cheese Tub | 250g,Montefiore Mascarpone | 250g,Bulla Dairy Low Fat Cottage Cheese Original | 500g,Tasmanian Heritage Little Entertainers Double Brie | 80g,Emborg French Camembert | 200g,Tasmanian Heritage Little Entertainers Camembert | 80g,Coles Double Cream Camembert | 200g,Emborg French Brie | 200g,Coles Low Fat Creamed Cottage Cheese | 500g,Tasmanian Heritage Camembert | 200g,Brancourts Classic Cottage Cheese | 250g,Castello Double Cream Truffle Cheese | 150g,Perfect Italiano Original Ricotta Soft Cheese | 500g,Castello Double Cream Brie | 150g,Coles Mascarpone | 250g,Tasmanian Heritage Double Cream Brie | 200g,Coles Light Ricotta | 375g,Castello Double Cream Brie Chilli | 150g,Tasmanian Heritage Camembert Oval | 125g,Coles Smooth Ricotta | 375g,Coles Triple Cream Brie | 200g,Emborg French Brie Petit | 125g,Udder Delights Double Cream Brie | 200g,Emborg French Brie Portions | 240g,South Cape Brie | 200g,Brancourts Protein Plus Cottage Cheese | 225g,Unicorn Classic Triple Cream Brie | 125g,Australian Gold Dairy Cheese Brie | 115g,Castello. White Cheese | approx140g,Jindi Camembert | 125g,Unicorn Classic Camembert | 125g,King Island Dairy Phoques Cove Camembert Cheese | 200g,Jindi Brie | 125g,Brancourts Lactose Free Cottage Cheese | 225g,Tasmanian Heritage White Pearl Camembert | approx 200g,Udder Delights Truffle Brie | 180g,Unicorn Classic Double Brie | 125g,King Island Dairy Triple Cream Seal | approx 200g,,,,,,,,,,,,,,,,,,,,,,,,,,,,,,,,,,,,,,,,,,,,,,,,,,,,,,,,,,,,,,,,,,,,,,,,,,,49
Soy,Keep It Cleaner Fermented Vegetables Kimchi | 400g,The Kimchi Company Original Kimchi | 330g,Vegie Delights Plant Based Vegie Roast | 480g,Keep It Cleaner Fermented Vegetable Vegan Kimchi | 400g,,,,,,,,,,,,,,,,,,,,,,,,,,,,,,,,,,,,,,,,,,,,,,,,,,,,,,,,,,,,,,,,,,,,,,,,,,,,,,,,,,,,,,,,,,,,,,,,,,,,,,,,,,,,,,,,,,,,,,,,4
Soy & Almond Milk,Sanitarium So Good Chilled Regular Soy Milk | 1L,Vitasoy Ricemilk Unsweetened Chilled | 1L,Vitasoy Soy Milky Regular Chilled | 1L,Vitasoy Almond Milky Low Sugar | 1L,Goodrich Creamy Barista Almond Milk | 1L,Annie's Orchard Unsweetened Almond Milk | 1L,Vitasoy Calci-Plus Soymilk Chilled | 1L,Annie's Orchard Unsweetened Oat Milk | 1L,Nutty Bruce Organic Almond & Coconut Milk | 1L,Nutty Bruce Organic Unsweetened Almond Milk | 1L,Vitasoy Soy Milky Lite Chilled | 1L,Inside Out Unsweetened Almond Milk | 1L,Vitasoy Unsweetened Almond Milk | 1L,,,,,,,,,,,,,,,,,,,,,,,,,,,,,,,,,,,,,,,,,,,,,,,,,,,,,,,,,,,,,,,,,,,,,,,,,,,,,,,,,,,,,,,,,,,,,,,,,,,,,,,,,,,,,,,13
Soy Milk Long Life Milk,Sanitarium So Good Long Life Lite Soy Milk 1L | 1L,Sanitarium So Good Barista Soy UHT | 1L,Sanitarium So Good Long Life Regular Soy Milk | 1L,Bonsoy Soy Milk | 1L,Vitasoy Natural Creamy Long Life Soy Milk 1L | 1L,Australia's Own Soy Milk Barista | 1L,Coles Drink Soy Regular | 1L,Vitasoy Calci-Plus Long Life Soy Milk 1L | 1L,Coles Organic Soy Milk | 1L,Vitasoy Protein Plus | 1L,Black Swan Crafted Spinach And Feta Dip | 170g,Black Swan Corn Relish Dip | 200g,Black Swan Warming Spinach & Cheese Dip | 180g,Yumi's Tuna Pate | 200g,Red Rock Deli Dip Roasted Tomato Feta Basil & Cashew | 135g,Red Rock Deli Classics Sweet Chilli & Sour Cream | 190g,Obela Beetroot And Hommus | 220g,Pilpel Dip Garlic | 310g,Black Swan Crafted Caramelised French Onion Dip | 170g,Pilpel Hummous Dip | 200g,Pilpel Dip Taramosalata | 310g,Black Swan Hommus Dip | 500g,Yumi's Choice Smoked Salmon Lemon & Dill | 140g,Black Swan Crafted Crispy Bacon And Caramelised Onion Dip | 170g,Obela Classic Tzatziki To Go Dip | 125g,Black Swan Crafted Dill & Mint Tzatziki Dip | 170g,Chris' Heritage Gluten Free Goat Cheese & Black Truffle Savoury Dip | 170g,Chris' Plant Based Dip Guacamole | 200g,Black Swan Dip Roasted Garlic | 200g,Obela Smooth Classic Hommus Dip | 1kg,Black Swan Warming Cheesy Garlic & Herb Dip | 180g,Yumis Traditional Hommus | 500g,Black Swan Dip Babaganoush | 200g,Red Rock Deli Dip Classic Cheesy Spinach & Garlic Cob | 190g,Obela Dip Smashed Avocado | 200g,Black Swan Crafted Beetroot Tzatziki Dip | 170g,Yumi's Rocket Pesto Hommus Dip | 200g,Yumi's Mini Roasted Capsicum & Cashew Dip 3 Pack | 195g,Yumi's Mini Sweet Potato & Cashew Dip 3x65g | 195g,Red Rock Deli Classics Caramelised French Onion | 190g,Obela Caramelised Onion Hommus  | 220g,Yumi's Mini Avocado Dip 3x65g | 195g,Maggie Beer Quince Paste | 100g,Black Swan Dip Chunky Basil Pesto & Cashew | 150g,Yumi's Roasted Beetroot Dip | 200g,Red Rock Deli Dip Balsamic Beetroot Feta & Cashew | 135g,Yumi's Choice Roasted Red Capsicum Pesto Dip | 150g,Black Swan Dip Reduced Fat French Onion | 200g,Yumi's Egg With Mayo Dip | 200g,Obela Hommus Pistachio Lemon Dukkah | 220g,Obela Classic Guacamole Dip | 220g,Yumi's Dip Mini French Onion Hommus 3 Pack | 195g,Red Rock Deli Classics Mexican Style Salsa Guacamole | 190g,Chris' Heritage Vintage Cheddar & Caramelised Onion Savoury Dip | 170g,Fresh Fodder Greek Style Tzatziki Dip | 200g,Yumi's Classic Dip Baba Ganoosh | 200g,Chris' Plant Based Dip Three Olive | 200g,Dari's Table Harissa Hummus Dip | 200g,,,,,,,,,,,,,,,,,,,,,,,,,,,,,,,,,,,,,,,,,,,,,,,,,,,,,,,,,,,,,,,,,,58
Specialty & Entertaining Cheese,South Cape Cream Cheese Sweet Chilli | 80g,Coles Cheese Apricot & Almond | 190g,South Cape Cream Cheese Apricot Almond | 80g,Caldermeade Farm Goats Cheese 4 Peppercorn Mix | 270g,Meredith Goats Cheese Chevre | 80g,Coles Cheese Spring Onion & Chive | 190g,Moondarra Honey & Pistachio Cream Cheese | 120g,Meredith Dairy Goats Cheese Chevre Dill | 80g,Meredith Dairy Marinated Goats Cheese | 100g,Coles Finest Wensleydale With Cranberry PGI | 150g,Moondarra Marinated Cheese | 430g,Moondarra Cheese Honey Fig & Macadamia | 120g,Meredith Dairy Marinated Goats Cheese | 550g,Kroon Goats Cheese Wedge | 200g,Caldermeade Farm Goats Cheese Block | 180g,Moondarra Cheese Herb & Capsicum | 120g,South Cape Apricot & Almond Cream Cheese | 200g,South Cape Spring Onion & Chive Cream Cheese | 200g,Coles French Goat's Cheese | 110g,Coles Sweet Chilli Cheese | 190g,Yarra Valley Cheese Fresh Goats Cheese | 80g,Australian Gold Dairy Cheese Camembert | 115g,Montefiore Mascarpone | 250g,Moondarra Honey & Pistachio Cream Cheese | 120g,Coles Finest Wensleydale With Cranberry PGI | 150g,Somerdale IL Truffelino Cheddar Cheese With Truffle | 150g,Jindi Brie | 125g,Australian Gold Dairy Cheese Brie | 115g,Coles Smooth Blue Cheese | 150g,Tasmanian Heritage Trilogy Roasted Onion & Chive Vintage & Smoked Cheddar | 140g,Delre Dutch Smoked Cheese | approx 250g,Meredith Dairy Goats Cheese Chevre Dill | 80g,Lemnos Foods Dairy Cheese Paneer | 200g,Jindi Camembert | 125g,Mersey Valley Little Entertainer Pickled Onion | 80g,Unicorn Classic Camembert | 125g,Castello Blue Cheese Mini 5 Pack | 95g,Unicorn Classic Double Brie | 125g,Mersey Valley Jalapeno Vintage Cheddar | 80g,Yarra Valley Cheese Marinated Persian Fetta | 350g,Moondarra Cheese Honey Fig & Macadamia | 120g,Mersey Valley Club Vintage Dairy Extra Tasty Cheddar Cheese | 180g,Castello Danish Blue Cheese | 100g,Kroon Smoked Cheese Wedge | 150g,King Island Dairy Phoques Cove Camembert Cheese | 200g,Kenilworth Sweet Chilli Sour Cream & Bell Peppers Club Cheddar Cheese | 165g,Mersey Valley Club Dairy Original Vintage Cheddar Cheese | 180g,Unicorn Classic Triple Cream Brie | 125g,Emborg French Brie Portions | 240g,Lemnos Twin Packs Haloumi | 200g,Coles Dutch Gouda | 265g,Tasmanian Heritage Cheese Wedge Edam | 180g,Castello Herbs & Garlic In Oil Marinated Fetta | 265g,Riverina Haloumi | 900g,South Cape Apricot & Almond Cream Cheese | 200g,Riverina Fetta Greek Style | 200g,Coles Spanish Manchego | 150g,Tasmanian Heritage Little Entertainers Havarti | 80g,Jindi Dairy Cheese Camembert | 200g,Emborg French Brie Petit | 125g,Coles French Goat's Cheese | 110g,Kenilworth Roast Garlic & Cracked Pepper Cheddar | 165g,Castello Double Cream Truffle Cheese | 150g,Jarlsberg Original Cheese Block | 250g,Coles Ash Brie | 200g,KCF Lime & Cracked Pepper Club Cheddar | 165g,Castello Creamy Blue Cheese | 300g,Lemnos Dairy Organic Haloumi Cheese | 180g,Emborg French Brie | 200g,Castello Blue Cheese | 150g,Coles Cherry Bocconcini | 220g,La Casa Del Formaggio Fresh Mozzarella | 200g,Riverina Fetta Greek Style | 200g,Riverina Haloumi | 900g,Coles Dairy Cheese Brie Wrapped | 125g,La Casa Del Formaggio Bocconcini Bambini Cheese | 220g,Lemnos Foods Dairy Cyprus Style Cheese Haloumi | 180g,Tasmanian Heritage Triple Cream Brie Oval | 125g,Tasmanian Heritage Little Entertainers Double Brie | 80g,La Casa Del Formaggio Original Bocconcini Cheese | 220g,Coles Marinated Danish Fetta | 300g,Castello Herbs & Garlic In Oil Marinated Fetta | 265g,Meredith Dairy Marinated Goats Cheese | 550g,South Cape Cream Cheese Sweet Chilli | 80g,Coles Cheese Spring Onion & Chive | 190g,Coles Double Cream Camembert | 200g,Coles Dairy Cheese Fetta Aust Style | 200g,Mersey Valley Little Entertainer Classic | 80g,Mersey Valley Club Classic Cheddar Cheese | 235g,Riverina Haloumi Basil | 180g,La Casa Del Formaggio Burrata | 150g,Lemnos Fetta Traditional | 180g,Dodoni Halloumi | 225g,Riverina Fetta Basil Pesto | 200g,Meredith Dairy Marinated Goats Cheese | 100g,South Cape Cream Cheese Apricot Almond | 80g,Mersey Valley Club Original Cheddar Cheese | 235g,Tasmanian Heritage Camembert Oval | 125g,Coles Sweet Chilli Cheese | 190g,Castello Double Cream Truffle Cheese | 150g,Jindi Triple Cream Brie | 180g,Coles Triple Cream Brie | 200g,Emborg French Camembert | 200g,Tasmanian Heritage Double Cream Brie | 200g,Tasmanian Heritage Cheese Wedge Gouda | 180g,Coles Traditional Bocconcini | 210g,La Casa Del Formaggio Cherry Bocconcini Cheese | 220g,Meredith Goats Cheese Chevre | 80g,King Island Dairy Cape Wickham Double Brie | 200g,Lemnos Reduced Salt Haloumi | 180g,Coles Dairy Cheese Camembert Wrapped | 125g,Coles Cheese Apricot & Almond | 190g,Lemnos Traditional Fetta Twin Pack | 200g,Coles Cypriot Halloumi With Mint | 250g,South Cape Greek Style Fetta | 200g,Tasmanian Heritage Cheese Wedge Havarti | 180g,Coles Finest Aged Red Leicester | 200g,Castello Double Cream Brie | 150g,Castello Fetta Cubes In Brine | 430g,Tasmanian Heritage Camembert | 200g,Coles Finest Vintage British Cheddar | 200g,Riverina Haloumi | 180g,Tasmanian Heritage Little Entertainers Camembert | 80g,123
Specialty Eggs,Yallamundi Farm Organic Free Range Eggs 12 Pack | 700g,Sunny Queen Organic Eggs 12 pack | 700g,Yallamundi Farm Organic Free Range Eggs 12 Pack | 600g,Smoked Eggs 6 Pack | 350g,Coles Organic Free Range Eggs 12 Pack | 600g,Sunny Queen Organic Free Range Large Eggs 6 pack | 300g,,,,,,,,,,,,,,,,,,,,,,,,,,,,,,,,,,,,,,,,,,,,,,,,,,,,,,,,,,,,,,,,,,,,,,,,,,,,,,,,,,,,,,,,,,,,,,,,,,,,,,,,,,,,,,,,,,,,,,6
Specialty Milk,Rokeby Farms Fitmilk Lactose Free | 1L,A2 Full Cream Milk | 3L,Pauls Zymil Low Fat Milk | 2L,Pauls Zymil Gluten free & lactose Free Full Cream Milk | 2L,Farmhouse  Gold Organic Milk | 1.5L,Caldermeade Farm Goats Milk | 1L,A2 Full Cream Milk | 1L,Australia's Own Unsweetened Organic Coconut Milk | 1L,A2 Light Fat Milk | 1L,Coles Lactose Free Lite Milk | 1L,Coles Organic Lite Milk | 1L,A2 Lactose Free Light Milk | 2L,The Complete Dairy High Protein Light Milk | 1L,The Complete Dairy High Protein Full Cream Milk | 1L,Coles Unsweetened Coconut Milk | 1L,A2 Lactose Free Full Cream Milk | 1L,Vitasoy Ricemilk Unsweetened Chilled | 1L,Pauls Zymil Lactose Free Skim Milk | 1L,Pureharvest Gluten Free Organic Coco Quench Unsweetened Coconut Milk | 1L,A2 No Fat Milk | 1L,A2 Dairy Full Cream Milk | 2L,Devondale Full Cream Milk | 2L,Dairy Farmers Buttermilk | 600mL,Caprilac Pasteurised Goats Milk | 1L,A2 Light Milk | 2L,A2 Dairy Light Milk | 3L,East Coast Sustainable Dairy Full Cream Milk | 2L,Dairy Farmers Heart Active Milk | 1L,Pauls Zymil Low Fat Milk | 1L,A2 Lactose Free Full Cream Milk | 2L,Green Pastures Full Cream Milk | 2L,Pauls Zymil Lactose Free Full Cream Milk | 1L,Coles Lactose Free Full Cream Milk | 1L,A2 Lactose Free Light Milk | 1L,Big M Lactose Free Chocolate Milk | 500mL,Sanitarium Up & Go Choc Energize | 500mL,,,,,,,,,,,,,,,,,,,,,,,,,,,,,,,,,,,,,,,,,,,,,,,,,,,,,,,,,,,,,,,,,,,,,,,,,,,,,,,,,,,,,,,,36
Thai Meals,King Island Dairy Stokes Point Smoked Cheddar Cheese | 170g,Emborg French Camembert Petit | 125g,Unicorn Classic Brie Chilli | 125g,King Island Dairy Surprise Bay Cheddar Cheese Block | approx200g,Mersey Valley Club Ploughman's Cheddar Cheese  | 235g,Castello Intense Blue | 150g,South Cape Brie | 200g,Jarlsberg Original Cheese Block | 500g,Jarlsberg Cheese Wedge | 230g,South Cape Reduced Fat Greek Style Fetta | 200g,South Cape Dairy Fetta Crumbed Cheese | 200g,Lemnos Haloumi | 600g,Tasmanian Heritage Cheese Marinated Fetta | 350g,Tasmanian Heritage Club Cheddar Vintage | 140g,Dodoni Saganaki | 200g,Coles British Blue Stilton | 150g,Tasmanian Heritage Club Cheddar Smoked | 140g,Ashgrove Tasmanian Vintage Cheddar Wineglass Bay | 140g,Cremeux Blue | 100g,Coles Finest Spanish Truffle Cheese | 140g,Castello Danish Blue Extra Creamy | 100g,Yarra Valley Cheese Persian Fetta Dill & Chive | 350g,Mersey Valley Salt & Vinegar Cheddar | 235g,Mersey Valley Club Green Peppercorn Cheese | 235g,Coles Dutch Edam | 230g,Lemnos Roasted Garlic And Rosemary Haloumi | 180g,Castello Aged Havarti | 200g,Caldermeade Farm Goats Cheese Block | 180g,Mersey Valley Salt & Vinegar Cheddar | 80g,Yarra Valley Cheese Fresh Goats Cheese | 80g,Castello Double Cream Brie Chilli | 150g,Black Jack Aged Cheddar Spaccato | approx 250g,Riverina Fetta Basil Pesto | 200g,Mifroma Le Gruyere Aop | 150g,Unicorn Selections Truffle Brie | 125g,Tasmanian Heritage Trilogy Summer Herbs Vintage Cheddar & Sundried Tomato | 140g,Lemnos Haloumi Slices | 200g,Riverina Haloumi Basil | 180g,Cremeux Truffle Brie | 180g,South Cape Camembert | 200g,Unicorn Selections Ash Brie | 125g,Yarra Valley Cheese Salted Honey Cow | 80g,Emborg French Double Cream Le Fromager | 300g,Mersey Valley Club Pickled Onion Cheddar Cheese | 235g,Moondarra Marinated Cheese | 430g,Ashgrove Three Peaks Tassie Trio Cheese | 140g,Castello Creamy Havarti | 200g,Tasmanian Heritage Little Entertainers Trilogy Summer Herbs Vintage Cheddar & Sundired Tomato | 80g,Castello Herbs & Garlic In Oil Marinated Fetta | 265g,Mersey Valley Club Vintage Dairy Extra Tasty Cheddar Cheese | 180g,Jarlsberg Original Cheese Block | 250g,Australian Gold Dairy Cheese Camembert | 115g,Kenilworth Sweet Chilli Sour Cream & Bell Peppers Club Cheddar Cheese | 165g,Jindi Dairy Cheese Camembert | 200g,Coles Smooth Blue Cheese | 150g,South Cape Apricot & Almond Cream Cheese | 200g,Montefiore Mascarpone | 250g,Tasmanian Heritage Little Entertainers Havarti | 80g,Riverina Haloumi | 900g,Castello Blue Cheese Mini 5 Pack | 95g,Kenilworth Roast Garlic & Cracked Pepper Cheddar | 165g,Unicorn Classic Double Brie | 125g,Castello Creamy Blue Cheese | 300g,Coles French Goat's Cheese | 110g,Kroon Smoked Cheese Wedge | 150g,Unicorn Classic Camembert | 125g,King Island Dairy Phoques Cove Camembert Cheese | 200g,Emborg French Brie Petit | 125g,Unicorn Classic Triple Cream Brie | 125g,Moondarra Cheese Honey Fig & Macadamia | 120g,Tasmanian Heritage Cheese Wedge Edam | 180g,Coles Finest Wensleydale With Cranberry PGI | 150g,Yarra Valley Cheese Marinated Persian Fetta | 350g,Lemnos Twin Packs Haloumi | 200g,Emborg French Brie Portions | 240g,Moondarra Honey & Pistachio Cream Cheese | 120g,Lemnos Foods Dairy Cheese Paneer | 200g,Jindi Camembert | 125g,Meredith Dairy Goats Cheese Chevre Dill | 80g,Somerdale IL Truffelino Cheddar Cheese With Truffle | 150g,Mersey Valley Jalapeno Vintage Cheddar | 80g,Riverina Fetta Greek Style | 200g,Jindi Brie | 125g,Emborg French Brie | 200g,Castello Danish Blue Cheese | 100g,Lemnos Dairy Organic Haloumi Cheese | 180g,Coles Ash Brie | 200g,Mersey Valley Club Dairy Original Vintage Cheddar Cheese | 180g,Delre Dutch Smoked Cheese | approx 250g,Castello Double Cream Truffle Cheese | 150g,Tasmanian Heritage Trilogy Roasted Onion & Chive Vintage & Smoked Cheddar | 140g,KCF Lime & Cracked Pepper Club Cheddar | 165g,Australian Gold Dairy Cheese Brie | 115g,Mersey Valley Little Entertainer Pickled Onion | 80g,Coles Dutch Gouda | 265g,Coles Spanish Manchego | 150g,,,,,,,,,,,,,,,,,,,,,,,,,,,,96
Tofu,Soyco Tofu Thai  | 200g,Beijing Sliced Garlic Tofu Pieces | 200g,Beijing Satay Tofu Pieces | 200g,Soyco Tofu Malaysian Peanut Satay | 200g,Simply Better Organic Plain Firm Tofu | 500g,Coles Natures Kitchen Silken Tofu | 300g,Beijing Chilli Tofu Pieces | 200g,Coles Nature's Kitchen Southern Smoked Tofu | 200g,Coles Nature's Kitchen Firm Tofu | 300g,Soyco Tofu Hi-Protein Firm Block | 350g,Soyco Tofu Japanese Teriyaki | 200g,Coles Nature's Kitchen Ginger & Chilli Tofu | 200g,Coles Nature's Kitchen Tempeh | 300g,Pureland High Protein Firm Tofu | 500g,TLY Silken Tofu | 300g,TLY Joyce Firm Tofu | 300g,Soyco Tofu Chinese Honey Soy | 200g,Nutrisoy Organic Tasty Tempeh | 300g,Natures Kitchen Tofu | 500g,Simply Better Plain Firm Tofu | 375g,Soyco Sweet Chilli Tofu | 200g,,,,,,,,,,,,,,,,,,,,,,,,,,,,,,,,,,,,,,,,,,,,,,,,,,,,,,,,,,,,,,,,,,,,,,,,,,,,,,,,,,,,,,,,,,,,,,,,,,,,,,,21
Vegan Cheese,Sheese Tasty Grated | 200g,Nutrisoy Organic Tasty Tempeh | 300g,Nature's Kitchen Cheddar Shred | 200g,Bio Cheese Grated Parmesano | 125g,Bio Cheese Pizza Shred | 200g,Bega Plant Based Cheese Slice | 200g,Coles Nature's Kitchen Tempeh | 300g,Cheer Plant Based Shredded Cheese | 200g,Bega Plant Based Cheese Shred | 200g,Bio Shredded Cheddar Cheese | 200g,Cheer Plant Based Sliced Cheese | 200g,,,,,,,,,,,,,,,,,,,,,,,,,,,,,,,,,,,,,,,,,,,,,,,,,,,,,,,,,,,,,,,,,,,,,,,,,,,,,,,,,,,,,,,,,,,,,,,,,,,,,,,,,,,,,,,,,11
Vegetarian Snacking,Fancy Plants Vanilla Rice Pud 2x110g | 220g,Fancy Plants Vanilla Chia Pod | 150g,Fancy Plants Chocolate Chia Pod | 150g,Fancy Plants Chocolate Silky Pot 2x95g | 190g,Coles Beef Ravioli Pasta | 600g,Coles Kitchen Spaghetti Bolognese | 350g,Coles Ricotta Spinach Agnolotti Pasta | 600g,Grand Italian Potato Gnocchi | 500g,Latina Fresh Veal Tortellini Pasta | 375g,Latina Fresh Beef Bolognese Pasta Sauce | 425g,Latina Fresh Beef Ravioli Pasta | 375g,Coles Kitchen Spaghetti Carbonara | 350g,Coles Plain Fettucine | 300g,Latina Lasagne with Angus Beef & Vegetables | 800g,Coles Meals Macaroni Cheese Bake | 350g,Coles Kitchen Spinach & Ricotta Cannelloni | 350g,Latina Fresh Kids Mini Ravioli Pasta Beef & Vegetable | 200g,Rana Spinach & Ricotta Tortellini | 325g,Coles Kitchen Pumpkin Risotto | 350g,Latina Fresh Egg Fettuccine Pasta | 375g,Coles Meals Beef Lasagne | 350g,Rana Spinach & Ricotta Tortellini | 565g,Coles Kitchen Potato Gnocchi | 500g,Coles Bolognese Bake | 1.8kg,Coles Finest Beef Ragu Fettucine | 400g,Coles Beef Lasagne | 1.8kg,Coles Kitchen Pepperoni Pasta Bake | 350g,Latina Fresh Beef Ravioli Pasta | 625g,Coles Kitchen Beef Ragu Lasagne | 350g,Coles Kitchen Chicken Parmigiana | 350g,Latina Fresh Roast Chicken & Garlic Ravioli Pasta | 625g,Coles Kitchen Macaroni Cheese | 350g,Ready Chef Pork & Beef Lasagne | 1.9kg,Latina Fresh Kids Mini Ravioli Pasta Cheese & Vegetable | 200g,Coles Lasagne Sheets Pasta | 375g,Latina Fresh Veal Tortellini Pasta | 625g,Coles Kitchen Bolognese Bake | 350g,Latina Fresh Creamy Sun-dried Tomato Pasta Sauce | 425g,Coles Kitchen Pesto And Sundried Tomato Gnocchi | 350g,Latina Fresh Spinach & Ricotta Agnolotti Pasta | 375g,Coles Finest Filled Gnocchi Mozz Parmi Reggi & Ricotta | 350g,Coles Kitchen Filled Pasta Ravioli Beef Tomato | 630g,Latina Fresh Ricotta & Spinach Agnolotti Pasta | 625g,Coles Kitchen Chicken & Bacon Pasta Bake | 350g,Rana Pumpkin & Caramelised Onion Ravioli | 325g,Latina Fresh Lasagne Sheets 8 Pack | 375g,Latina Fresh Creamy Carbonara Pasta Sauce | 425g,Coles Pasta Tortellini Veal | 600g,Coles Chicken Tortellini | 600g,Latina Fresh Italian Style Tomato & Garlic Pasta Sauce | 425g,Latina Lasagne Ravioli | 625g,,,,,,,,,,,,,,,,,,,,,,,,,,,,,,,,,,,,,,,,,,,,,,,,,,,,,,,,,,,,,,,,,,,,,,,,,51
Vegie Bacon & Mince,Vegie Delights Bacon Style Rashers | 145g,,,,,,,,,,,,,,,,,,,,,,,,,,,,,,,,,,,,,,,,,,,,,,,,,,,,,,,,,,,,,,,,,,,,,,,,,,,,,,,,,,,,,,,,,,,,,,,,,,,,,,,,,,,,,,,,,,,,,,,,,,,1
Vegie Burgers & Sausages,Yumi's Thai Spiced Fritters 6 Pack | 260g,Bean Supreme Parsley Sage & Rosemary Sausages 6 Pack | 375g,Get Plant'd Meat-Free Roast Duck | 300g,Yumis Classic Veggie Burger 2 pack | 220g,Nature's Kitchen Cheddar Slices | 200g,Get Plant'd Bacon | 200g,Yumi's Gluten Free Curried Pumpkin & Spinach Veggie Bites | 225g,Bio Cheddar Cheese Slices | 200g,Yumis Zucchini Veggie Fritter | 260g,Bio Original Cheese Block | 200g,Bega Plant Based Cheese Slice | 200g,Yumi's Limited Edition Burger | 220g,Deli-Licious Hungarian Style Salami | 100g,Wildly Good Pumpkin And Caramelised Onion | 220g,Wildly Good Burgers Original Veggie | 220g,Coles Nature's Kitchen Curried Veggie Lentil Sausages | 250g,Wildly Good Fritter Bites Cauliflower | 210g,Yumi's Gluten Free Zucchini & Lentil Veggie Bites | 225g,Coles Natures Kitchen Mixed Garden Vegetable Koftas | 240g,Cheer Plant Based Sliced Cheese | 200g,Coles Nature's Kitchen Lentil & Kale Kofta | 240g,Natures Kitchen Mushroom & Caramelised Onion Burger | 230g,Sheese Tasty Slices | 200g,Vegie Delights Plant Based Thick BBQ Sausages | 300g,Get Plant'd Meat-free Steak Slices | 100g,Get Plant'd Pepperoni Slices | 100g,Get Plant'd Meat Free Ham Slices | 100g,Wildly Good Burgers Original Veggie Value Pack | 480g,Coles Nature's Kitchen Smokey Sweet Potato & Black Bean Sausages | 250g,Wildly Good Burgers Smokey Cauliflower | 220g,Natures Kitchen Platter | 500g,Yumi's Sweet Corn Fritters 6 Pack | 260g,Natures Kitchen Pumpkin & Corn Burgers | 230g,Get Plant'd Meat Free Roast Char Siu Pork | 300g,Vegie Delights Plant Based Chorizo Vegie Sausages | 300g,Vegie Delights Plant Based Vegie Sausages | 300g,Natures Kitchen Sweet Potato & Blackbean Burger | 230g,Vegie Delights Plant Based Chicken Style Sausages | 300g,Keep It Cleaner Fermented Vegetables Kimchi | 400g,Vegie Delights Plant Based Hot Dogs | 300g,Wildly Good  Burgers Beetroot Black Bean | 220g,Vegie Delights Plant Based Vegie Roast | 480g,Keep It Cleaner Fermented Vegetable Vegan Kimchi | 400g,Wildly Good Sweet Corn Spring Onion Fritter Bites | 210g,,,,,,,,,,,,,,,,,,,,,,,,,,,,,,,,,,,,,,,,,,,,,,,,,,,,,,,,,,,,,,,,,,,,,,,,,,,,,,,,44
Vegie Meat & Chicken,Veef Plant Based Premium Beef Burger | 240g,Vegie Delights Plant Based Savoury Mince | 400g,Get Plant'd Meat Free Roast Chicken | 300g,Veef Plant Based Beef Peices | 280g,Veef Planted Based Crumbed Chicken Tenders | 210g,Veef Plant Based Chicken Schnitzel | 240g,,,,,,,,,,,,,,,,,,,,,,,,,,,,,,,,,,,,,,,,,,,,,,,,,,,,,,,,,,,,,,,,,,,,,,,,,,,,,,,,,,,,,,,,,,,,,,,,,,,,,,,,,,,,,,,,,,,,,,6
Yoghurt,Bulla Creamy Australian Style Yoghurt Vanilla | 160g,Bulla Creamy Australian Style Yoghurt Mango | 160g,Easiyo Greek Style Unsweetened Yoghurt | 170g,Brownes Dairy Wiggles Yoghurt Pouch Vanilla | 90g,Vitasoy Soy Yogurt Mango Passionfruit | 140g,Yoplait Petit Miam Yoghurt Vanilla Apple | 70g,Nakula Natural Coconut Milk Yoghurt | 500g,Coyo Dairy Free Yoghurt Probiotic No Added Sugar Natural | 900g,Easiyo Vanilla Flavour Yoghurt | 230g,Pauls Milky Max Chocolate Dairy Snack 12 pack | 1.2kg,Tamar Valley Natural 99.85% Fat Free Yoghurt | 1kg,Vitasoy Soy Yogurt Strawberry | 450g,Bulla Creamy Australian Style Yoghurt Strawberry | 160g,Jalna Yoghurt Natural | 2kg,Coles Coconut Yoghurt Vanilla | 500g,Easiyo Greek Style Unsweetened Yoghurt | 170g,Tamar Valley The Creamery Yoghurt Blueberries & Cream | 700g,Yog'N Oats Mango & Passionfruit Yoghurt | 150g,Pauls Banana Pouch | 70g,Easiyo Greek Style Coconut Yoghurt | 240g,Easiyo Greek Style Yoghurt Manuka Honey | 230g,Kingland Dairy Free Berries & Chia Seeds Greek Style Yoghurt | 500g,Siggi's Yoghurt Vanilla | 500g,Easiyo Strawberry Yoghurt | 230g,Easiyo Yogurt Greek Style Blueberry | 230g,Vitasoy Soy Yogurt Vanilla | 450g,Easiyo Black Yoghurt Maker | 1 each,Easiyo Natural Unsweetened Yoghurt | 140g,Kingland Dairy Free Natural Greek Style Yoghurt | 500g,Siggi's Yoghurt Mixed Berry | 125g,,,,,,,,,,,,,,,,,,,,,,,,,,,,,,,,,,,,,,,,,,,,,,,,,,,,,,,,,,,,,,,,,,,,,,,,,,,,,,,,,,,,,,,,,,,,,,30
